{"samples": ["Sample 1", "Sample 2", "Sample 3", "Sample 4", "Sample 5", "Sample 6", "Sample 7", "Sample 8", "Sample 9", "Sample 10", "Sample 11", "Sample 12", "Sample 13", "Sample 14", "Sample 15", "Sample 16", "Sample 17", "Sample 18", "Sample 19", "Sample 20"], "garbage": [], "simparams": {"K": 200, "S": 20, "T": 200, "M": 200, "C": 0, "H": 1, "G": 0, "garbage_type": "uniform", "alpha": 0.1, "tree_type": null, "seed": 371113345, "args": {"seed": null, "tree_type": null, "write_clusters": true, "write_ssm_phi": false, "write_structures": false, "numpy_fn": "/Users/ethankulman/SuperMT/data/sim_K200_S20_T200_M200_G0_run1/truth/sim_K200_S20_T200_M200_G0_run1.truth.npz", "alpha": 0.1, "K": 200, "S": 20, "T": 200, "M": 200, "C": 0, "H": 1, "G": 0, "garbage_type": "uniform", "min_garb_pairs": 3, "min_garb_phi_delta": 0.1, "min_garb_samps": 1, "truthfn": "/Users/ethankulman/SuperMT/data/sim_K200_S20_T200_M200_G0_run1/truth/sim_K200_S20_T200_M200_G0_run1.truth.pickle", "paramsfn": "/Users/ethankulman/SuperMT/data/sim_K200_S20_T200_M200_G0_run1/truth/sim_K200_S20_T200_M200_G0_run1.params.json", "ssmfn": "/Users/ethankulman/SuperMT/data/sim_K200_S20_T200_M200_G0_run1/truth/sim_K200_S20_T200_M200_G0_run1.ssm"}}, "clusters": [["s42"], ["s24"], ["s130"], ["s92"], ["s163"], ["s6"], ["s77"], ["s183"], ["s135"], ["s108"], ["s67"], ["s64"], ["s197"], ["s59"], ["s23"], ["s158"], ["s87"], ["s184"], ["s32"], ["s56"], ["s22"], ["s93"], ["s41"], ["s126"], ["s60"], ["s17"], ["s34"], ["s199"], ["s80"], ["s20"], ["s98"], ["s39"], ["s117"], ["s51"], ["s11"], ["s144"], ["s30"], ["s162"], ["s138"], ["s176"], ["s10"], ["s140"], ["s136"], ["s21"], ["s159"], ["s150"], ["s45"], ["s195"], ["s161"], ["s91"], ["s149"], ["s12"], ["s72"], ["s71"], ["s166"], ["s66"], ["s7"], ["s50"], ["s188"], ["s154"], ["s128"], ["s61"], ["s73"], ["s68"], ["s152"], ["s9"], ["s78"], ["s116"], ["s90"], ["s122"], ["s53"], ["s125"], ["s8"], ["s79"], ["s18"], ["s81"], ["s118"], ["s127"], ["s85"], ["s147"], ["s74"], ["s54"], ["s58"], ["s153"], ["s123"], ["s109"], ["s94"], ["s180"], ["s185"], ["s173"], ["s141"], ["s134"], ["s186"], ["s31"], ["s193"], ["s107"], ["s37"], ["s196"], ["s181"], ["s103"], ["s169"], ["s16"], ["s139"], ["s145"], ["s105"], ["s174"], ["s89"], ["s114"], ["s63"], ["s191"], ["s49"], ["s179"], ["s26"], ["s1"], ["s65"], ["s164"], ["s4"], ["s57"], ["s165"], ["s175"], ["s132"], ["s137"], ["s99"], ["s47"], ["s83"], ["s43"], ["s120"], ["s115"], ["s28"], ["s171"], ["s170"], ["s156"], ["s13"], ["s29"], ["s69"], ["s46"], ["s113"], ["s62"], ["s84"], ["s168"], ["s44"], ["s95"], ["s131"], ["s198"], ["s40"], ["s178"], ["s177"], ["s102"], ["s172"], ["s35"], ["s112"], ["s48"], ["s124"], ["s160"], ["s157"], ["s75"], ["s97"], ["s190"], ["s192"], ["s55"], ["s27"], ["s167"], ["s142"], ["s133"], ["s151"], ["s88"], ["s52"], ["s101"], ["s70"], ["s5"], ["s76"], ["s189"], ["s2"], ["s0"], ["s194"], ["s129"], ["s110"], ["s146"], ["s86"], ["s96"], ["s143"], ["s100"], ["s148"], ["s36"], ["s106"], ["s182"], ["s187"], ["s121"], ["s33"], ["s38"], ["s104"], ["s3"], ["s19"], ["s82"], ["s119"], ["s111"], ["s15"], ["s14"], ["s155"], ["s25"]]}