{"samples": ["Sample 1", "Sample 2", "Sample 3", "Sample 4", "Sample 5", "Sample 6", "Sample 7", "Sample 8", "Sample 9", "Sample 10", "Sample 11", "Sample 12", "Sample 13", "Sample 14", "Sample 15", "Sample 16", "Sample 17", "Sample 18", "Sample 19", "Sample 20"], "garbage": [], "simparams": {"K": 150, "S": 20, "T": 200, "M": 150, "C": 0, "H": 1, "G": 0, "garbage_type": "uniform", "alpha": 0.1, "tree_type": null, "seed": 1992034574, "args": {"seed": null, "tree_type": null, "write_clusters": true, "write_ssm_phi": false, "write_structures": false, "numpy_fn": "/Users/ethankulman/SuperMT/data/sim_K150_S20_T200_M150_G0_run1/truth/sim_K150_S20_T200_M150_G0_run1.truth.npz", "alpha": 0.1, "K": 150, "S": 20, "T": 200, "M": 150, "C": 0, "H": 1, "G": 0, "garbage_type": "uniform", "min_garb_pairs": 3, "min_garb_phi_delta": 0.1, "min_garb_samps": 1, "truthfn": "/Users/ethankulman/SuperMT/data/sim_K150_S20_T200_M150_G0_run1/truth/sim_K150_S20_T200_M150_G0_run1.truth.pickle", "paramsfn": "/Users/ethankulman/SuperMT/data/sim_K150_S20_T200_M150_G0_run1/truth/sim_K150_S20_T200_M150_G0_run1.params.json", "ssmfn": "/Users/ethankulman/SuperMT/data/sim_K150_S20_T200_M150_G0_run1/truth/sim_K150_S20_T200_M150_G0_run1.ssm"}}, "clusters": [["s2"], ["s101"], ["s125"], ["s124"], ["s43"], ["s84"], ["s138"], ["s27"], ["s74"], ["s36"], ["s116"], ["s133"], ["s110"], ["s75"], ["s1"], ["s70"], ["s24"], ["s73"], ["s88"], ["s0"], ["s90"], ["s18"], ["s97"], ["s113"], ["s52"], ["s34"], ["s91"], ["s105"], ["s80"], ["s65"], ["s94"], ["s3"], ["s25"], ["s55"], ["s61"], ["s57"], ["s142"], ["s46"], ["s51"], ["s106"], ["s139"], ["s56"], ["s85"], ["s58"], ["s95"], ["s103"], ["s99"], ["s49"], ["s118"], ["s121"], ["s92"], ["s148"], ["s147"], ["s132"], ["s128"], ["s144"], ["s32"], ["s13"], ["s50"], ["s81"], ["s14"], ["s146"], ["s72"], ["s10"], ["s38"], ["s42"], ["s26"], ["s141"], ["s98"], ["s129"], ["s67"], ["s47"], ["s78"], ["s108"], ["s149"], ["s96"], ["s20"], ["s82"], ["s44"], ["s48"], ["s29"], ["s21"], ["s37"], ["s104"], ["s143"], ["s59"], ["s60"], ["s120"], ["s41"], ["s31"], ["s137"], ["s4"], ["s117"], ["s145"], ["s130"], ["s62"], ["s100"], ["s86"], ["s33"], ["s63"], ["s68"], ["s119"], ["s45"], ["s35"], ["s71"], ["s79"], ["s69"], ["s16"], ["s66"], ["s134"], ["s6"], ["s9"], ["s19"], ["s111"], ["s64"], ["s135"], ["s7"], ["s131"], ["s112"], ["s15"], ["s22"], ["s39"], ["s5"], ["s127"], ["s102"], ["s30"], ["s54"], ["s114"], ["s11"], ["s40"], ["s12"], ["s109"], ["s28"], ["s122"], ["s77"], ["s53"], ["s83"], ["s76"], ["s136"], ["s87"], ["s107"], ["s89"], ["s23"], ["s140"], ["s93"], ["s8"], ["s123"], ["s126"], ["s115"], ["s17"]]}