{"samples": ["Sample 1", "Sample 2", "Sample 3", "Sample 4", "Sample 5", "Sample 6", "Sample 7", "Sample 8", "Sample 9", "Sample 10"], "garbage": [], "simparams": {"K": 200, "S": 10, "T": 1000, "M": 200, "C": 0, "H": 1, "G": 0, "garbage_type": "uniform", "alpha": 0.1, "tree_type": null, "seed": 1807487156, "args": {"seed": null, "tree_type": null, "write_clusters": true, "write_ssm_phi": false, "write_structures": false, "numpy_fn": "/Users/ethankulman/SuperMT/data/sim_K200_S10_T1000_M200_G0_run1/truth/sim_K200_S10_T1000_M200_G0_run1.truth.npz", "alpha": 0.1, "K": 200, "S": 10, "T": 1000, "M": 200, "C": 0, "H": 1, "G": 0, "garbage_type": "uniform", "min_garb_pairs": 3, "min_garb_phi_delta": 0.1, "min_garb_samps": 1, "truthfn": "/Users/ethankulman/SuperMT/data/sim_K200_S10_T1000_M200_G0_run1/truth/sim_K200_S10_T1000_M200_G0_run1.truth.pickle", "paramsfn": "/Users/ethankulman/SuperMT/data/sim_K200_S10_T1000_M200_G0_run1/truth/sim_K200_S10_T1000_M200_G0_run1.params.json", "ssmfn": "/Users/ethankulman/SuperMT/data/sim_K200_S10_T1000_M200_G0_run1/truth/sim_K200_S10_T1000_M200_G0_run1.ssm"}}, "clusters": [["s102"], ["s22"], ["s155"], ["s47"], ["s192"], ["s63"], ["s77"], ["s132"], ["s183"], ["s38"], ["s29"], ["s99"], ["s148"], ["s199"], ["s96"], ["s167"], ["s179"], ["s139"], ["s72"], ["s160"], ["s109"], ["s129"], ["s195"], ["s194"], ["s13"], ["s135"], ["s40"], ["s181"], ["s162"], ["s142"], ["s68"], ["s140"], ["s90"], ["s113"], ["s45"], ["s119"], ["s32"], ["s7"], ["s138"], ["s115"], ["s64"], ["s86"], ["s25"], ["s149"], ["s12"], ["s20"], ["s147"], ["s92"], ["s127"], ["s184"], ["s80"], ["s146"], ["s186"], ["s11"], ["s81"], ["s121"], ["s26"], ["s18"], ["s79"], ["s165"], ["s173"], ["s87"], ["s59"], ["s69"], ["s71"], ["s14"], ["s50"], ["s65"], ["s46"], ["s123"], ["s30"], ["s166"], ["s9"], ["s16"], ["s88"], ["s177"], ["s76"], ["s197"], ["s151"], ["s178"], ["s5"], ["s33"], ["s122"], ["s174"], ["s156"], ["s172"], ["s37"], ["s93"], ["s8"], ["s48"], ["s111"], ["s95"], ["s112"], ["s131"], ["s176"], ["s49"], ["s36"], ["s145"], ["s128"], ["s83"], ["s163"], ["s118"], ["s124"], ["s57"], ["s108"], ["s190"], ["s54"], ["s136"], ["s171"], ["s101"], ["s75"], ["s85"], ["s34"], ["s125"], ["s89"], ["s94"], ["s103"], ["s35"], ["s107"], ["s23"], ["s51"], ["s17"], ["s189"], ["s3"], ["s0"], ["s137"], ["s97"], ["s170"], ["s198"], ["s52"], ["s150"], ["s84"], ["s73"], ["s196"], ["s82"], ["s6"], ["s106"], ["s114"], ["s58"], ["s44"], ["s100"], ["s116"], ["s55"], ["s70"], ["s43"], ["s53"], ["s185"], ["s126"], ["s98"], ["s62"], ["s144"], ["s27"], ["s180"], ["s91"], ["s60"], ["s10"], ["s74"], ["s41"], ["s164"], ["s120"], ["s130"], ["s21"], ["s1"], ["s193"], ["s157"], ["s56"], ["s61"], ["s31"], ["s168"], ["s105"], ["s110"], ["s104"], ["s143"], ["s39"], ["s15"], ["s161"], ["s134"], ["s154"], ["s141"], ["s42"], ["s4"], ["s153"], ["s133"], ["s159"], ["s19"], ["s175"], ["s191"], ["s169"], ["s187"], ["s2"], ["s117"], ["s28"], ["s188"], ["s66"], ["s24"], ["s78"], ["s67"], ["s182"], ["s152"], ["s158"]]}