{"samples": ["Sample 1", "Sample 2", "Sample 3", "Sample 4", "Sample 5", "Sample 6", "Sample 7", "Sample 8", "Sample 9", "Sample 10", "Sample 11", "Sample 12", "Sample 13", "Sample 14", "Sample 15", "Sample 16", "Sample 17", "Sample 18", "Sample 19", "Sample 20"], "garbage": [], "simparams": {"K": 10, "S": 20, "T": 200, "M": 10, "C": 0, "H": 1, "G": 0, "garbage_type": "uniform", "alpha": 0.1, "tree_type": null, "seed": 31628809, "args": {"seed": null, "tree_type": null, "write_clusters": true, "write_ssm_phi": false, "write_structures": false, "numpy_fn": "/Users/ethankulman/SuperMT/data/sim_K10_S20_T200_M10_G0_run1/truth/sim_K10_S20_T200_M10_G0_run1.truth.npz", "alpha": 0.1, "K": 10, "S": 20, "T": 200, "M": 10, "C": 0, "H": 1, "G": 0, "garbage_type": "uniform", "min_garb_pairs": 3, "min_garb_phi_delta": 0.1, "min_garb_samps": 1, "truthfn": "/Users/ethankulman/SuperMT/data/sim_K10_S20_T200_M10_G0_run1/truth/sim_K10_S20_T200_M10_G0_run1.truth.pickle", "paramsfn": "/Users/ethankulman/SuperMT/data/sim_K10_S20_T200_M10_G0_run1/truth/sim_K10_S20_T200_M10_G0_run1.params.json", "ssmfn": "/Users/ethankulman/SuperMT/data/sim_K10_S20_T200_M10_G0_run1/truth/sim_K10_S20_T200_M10_G0_run1.ssm"}}, "clusters": [["s4"], ["s8"], ["s6"], ["s9"], ["s7"], ["s1"], ["s0"], ["s2"], ["s3"], ["s5"]]}