{"samples": ["Sample 1", "Sample 2", "Sample 3", "Sample 4", "Sample 5", "Sample 6", "Sample 7", "Sample 8", "Sample 9", "Sample 10", "Sample 11", "Sample 12", "Sample 13", "Sample 14", "Sample 15", "Sample 16", "Sample 17", "Sample 18", "Sample 19", "Sample 20"], "garbage": [], "simparams": {"K": 50, "S": 20, "T": 1000, "M": 50, "C": 0, "H": 1, "G": 0, "garbage_type": "uniform", "alpha": 0.1, "tree_type": null, "seed": 812512650, "args": {"seed": null, "tree_type": null, "write_clusters": true, "write_ssm_phi": false, "write_structures": false, "numpy_fn": "/Users/ethankulman/SuperMT/data/sim_K50_S20_T1000_M50_G0_run1/truth/sim_K50_S20_T1000_M50_G0_run1.truth.npz", "alpha": 0.1, "K": 50, "S": 20, "T": 1000, "M": 50, "C": 0, "H": 1, "G": 0, "garbage_type": "uniform", "min_garb_pairs": 3, "min_garb_phi_delta": 0.1, "min_garb_samps": 1, "truthfn": "/Users/ethankulman/SuperMT/data/sim_K50_S20_T1000_M50_G0_run1/truth/sim_K50_S20_T1000_M50_G0_run1.truth.pickle", "paramsfn": "/Users/ethankulman/SuperMT/data/sim_K50_S20_T1000_M50_G0_run1/truth/sim_K50_S20_T1000_M50_G0_run1.params.json", "ssmfn": "/Users/ethankulman/SuperMT/data/sim_K50_S20_T1000_M50_G0_run1/truth/sim_K50_S20_T1000_M50_G0_run1.ssm"}}, "clusters": [["s29"], ["s19"], ["s42"], ["s9"], ["s12"], ["s20"], ["s10"], ["s27"], ["s18"], ["s11"], ["s23"], ["s43"], ["s7"], ["s40"], ["s4"], ["s31"], ["s16"], ["s38"], ["s6"], ["s37"], ["s33"], ["s28"], ["s2"], ["s36"], ["s5"], ["s3"], ["s1"], ["s47"], ["s15"], ["s0"], ["s17"], ["s41"], ["s39"], ["s26"], ["s14"], ["s21"], ["s44"], ["s49"], ["s34"], ["s46"], ["s48"], ["s30"], ["s13"], ["s32"], ["s45"], ["s35"], ["s8"], ["s24"], ["s22"], ["s25"]]}