{"samples": ["Sample 1", "Sample 2", "Sample 3", "Sample 4", "Sample 5", "Sample 6", "Sample 7", "Sample 8", "Sample 9", "Sample 10", "Sample 11", "Sample 12", "Sample 13", "Sample 14", "Sample 15", "Sample 16", "Sample 17", "Sample 18", "Sample 19", "Sample 20", "Sample 21", "Sample 22", "Sample 23", "Sample 24", "Sample 25", "Sample 26", "Sample 27", "Sample 28", "Sample 29", "Sample 30"], "garbage": [], "simparams": {"K": 150, "S": 30, "T": 50, "M": 150, "C": 0, "H": 1, "G": 0, "garbage_type": "uniform", "alpha": 0.1, "tree_type": null, "seed": 789567357, "args": {"seed": null, "tree_type": null, "write_clusters": true, "write_ssm_phi": false, "write_structures": false, "numpy_fn": "/Users/ethankulman/SuperMT/data/sim_K150_S30_T50_M150_G0_run1/truth/sim_K150_S30_T50_M150_G0_run1.truth.npz", "alpha": 0.1, "K": 150, "S": 30, "T": 50, "M": 150, "C": 0, "H": 1, "G": 0, "garbage_type": "uniform", "min_garb_pairs": 3, "min_garb_phi_delta": 0.1, "min_garb_samps": 1, "truthfn": "/Users/ethankulman/SuperMT/data/sim_K150_S30_T50_M150_G0_run1/truth/sim_K150_S30_T50_M150_G0_run1.truth.pickle", "paramsfn": "/Users/ethankulman/SuperMT/data/sim_K150_S30_T50_M150_G0_run1/truth/sim_K150_S30_T50_M150_G0_run1.params.json", "ssmfn": "/Users/ethankulman/SuperMT/data/sim_K150_S30_T50_M150_G0_run1/truth/sim_K150_S30_T50_M150_G0_run1.ssm"}}, "clusters": [["s111"], ["s56"], ["s71"], ["s124"], ["s83"], ["s13"], ["s31"], ["s123"], ["s45"], ["s68"], ["s7"], ["s137"], ["s64"], ["s0"], ["s53"], ["s139"], ["s48"], ["s18"], ["s41"], ["s14"], ["s51"], ["s44"], ["s110"], ["s100"], ["s108"], ["s78"], ["s49"], ["s55"], ["s69"], ["s87"], ["s57"], ["s33"], ["s118"], ["s32"], ["s105"], ["s82"], ["s107"], ["s1"], ["s132"], ["s136"], ["s2"], ["s122"], ["s98"], ["s117"], ["s50"], ["s28"], ["s145"], ["s61"], ["s144"], ["s130"], ["s15"], ["s75"], ["s12"], ["s46"], ["s140"], ["s94"], ["s113"], ["s101"], ["s141"], ["s62"], ["s127"], ["s91"], ["s148"], ["s35"], ["s67"], ["s17"], ["s112"], ["s103"], ["s63"], ["s99"], ["s89"], ["s47"], ["s26"], ["s97"], ["s121"], ["s6"], ["s37"], ["s88"], ["s81"], ["s147"], ["s5"], ["s129"], ["s23"], ["s93"], ["s135"], ["s38"], ["s39"], ["s74"], ["s119"], ["s30"], ["s4"], ["s143"], ["s149"], ["s109"], ["s77"], ["s102"], ["s24"], ["s134"], ["s29"], ["s86"], ["s11"], ["s106"], ["s66"], ["s54"], ["s16"], ["s73"], ["s80"], ["s133"], ["s8"], ["s146"], ["s43"], ["s10"], ["s90"], ["s25"], ["s104"], ["s19"], ["s60"], ["s72"], ["s9"], ["s79"], ["s84"], ["s76"], ["s42"], ["s58"], ["s95"], ["s131"], ["s65"], ["s116"], ["s92"], ["s126"], ["s142"], ["s128"], ["s20"], ["s85"], ["s114"], ["s34"], ["s27"], ["s21"], ["s138"], ["s115"], ["s40"], ["s120"], ["s59"], ["s36"], ["s52"], ["s3"], ["s96"], ["s70"], ["s22"], ["s125"]]}