{"samples": ["Sample 1", "Sample 2", "Sample 3", "Sample 4", "Sample 5", "Sample 6", "Sample 7", "Sample 8", "Sample 9", "Sample 10"], "garbage": [], "simparams": {"K": 150, "S": 10, "T": 200, "M": 150, "C": 0, "H": 1, "G": 0, "garbage_type": "uniform", "alpha": 0.1, "tree_type": null, "seed": 1357453197, "args": {"seed": null, "tree_type": null, "write_clusters": true, "write_ssm_phi": false, "write_structures": false, "numpy_fn": "/Users/ethankulman/SuperMT/data/sim_K150_S10_T200_M150_G0_run1/truth/sim_K150_S10_T200_M150_G0_run1.truth.npz", "alpha": 0.1, "K": 150, "S": 10, "T": 200, "M": 150, "C": 0, "H": 1, "G": 0, "garbage_type": "uniform", "min_garb_pairs": 3, "min_garb_phi_delta": 0.1, "min_garb_samps": 1, "truthfn": "/Users/ethankulman/SuperMT/data/sim_K150_S10_T200_M150_G0_run1/truth/sim_K150_S10_T200_M150_G0_run1.truth.pickle", "paramsfn": "/Users/ethankulman/SuperMT/data/sim_K150_S10_T200_M150_G0_run1/truth/sim_K150_S10_T200_M150_G0_run1.params.json", "ssmfn": "/Users/ethankulman/SuperMT/data/sim_K150_S10_T200_M150_G0_run1/truth/sim_K150_S10_T200_M150_G0_run1.ssm"}}, "clusters": [["s131"], ["s77"], ["s137"], ["s127"], ["s84"], ["s106"], ["s36"], ["s57"], ["s146"], ["s132"], ["s16"], ["s32"], ["s135"], ["s140"], ["s128"], ["s120"], ["s139"], ["s89"], ["s41"], ["s46"], ["s119"], ["s115"], ["s99"], ["s23"], ["s117"], ["s86"], ["s122"], ["s63"], ["s29"], ["s51"], ["s14"], ["s94"], ["s26"], ["s7"], ["s116"], ["s130"], ["s73"], ["s11"], ["s90"], ["s109"], ["s20"], ["s78"], ["s92"], ["s25"], ["s61"], ["s148"], ["s37"], ["s144"], ["s102"], ["s103"], ["s18"], ["s64"], ["s43"], ["s145"], ["s87"], ["s100"], ["s97"], ["s12"], ["s45"], ["s13"], ["s71"], ["s66"], ["s101"], ["s44"], ["s79"], ["s124"], ["s24"], ["s56"], ["s27"], ["s149"], ["s49"], ["s111"], ["s10"], ["s93"], ["s55"], ["s105"], ["s129"], ["s142"], ["s108"], ["s52"], ["s33"], ["s5"], ["s112"], ["s125"], ["s1"], ["s9"], ["s30"], ["s114"], ["s60"], ["s76"], ["s96"], ["s28"], ["s81"], ["s53"], ["s4"], ["s126"], ["s69"], ["s48"], ["s85"], ["s65"], ["s40"], ["s39"], ["s95"], ["s143"], ["s19"], ["s98"], ["s3"], ["s68"], ["s62"], ["s2"], ["s38"], ["s47"], ["s22"], ["s72"], ["s8"], ["s67"], ["s31"], ["s134"], ["s70"], ["s42"], ["s138"], ["s74"], ["s75"], ["s21"], ["s133"], ["s15"], ["s121"], ["s91"], ["s34"], ["s147"], ["s107"], ["s141"], ["s82"], ["s80"], ["s17"], ["s136"], ["s58"], ["s123"], ["s104"], ["s0"], ["s88"], ["s118"], ["s6"], ["s83"], ["s110"], ["s59"], ["s35"], ["s113"], ["s54"], ["s50"]]}