{"samples": ["Sample 1", "Sample 2", "Sample 3", "Sample 4", "Sample 5", "Sample 6", "Sample 7", "Sample 8", "Sample 9", "Sample 10", "Sample 11", "Sample 12", "Sample 13", "Sample 14", "Sample 15", "Sample 16", "Sample 17", "Sample 18", "Sample 19", "Sample 20"], "garbage": [], "simparams": {"K": 150, "S": 20, "T": 1000, "M": 150, "C": 0, "H": 1, "G": 0, "garbage_type": "uniform", "alpha": 0.1, "tree_type": null, "seed": 1847797008, "args": {"seed": null, "tree_type": null, "write_clusters": true, "write_ssm_phi": false, "write_structures": false, "numpy_fn": "/Users/ethankulman/SuperMT/data/sim_K150_S20_T1000_M150_G0_run1/truth/sim_K150_S20_T1000_M150_G0_run1.truth.npz", "alpha": 0.1, "K": 150, "S": 20, "T": 1000, "M": 150, "C": 0, "H": 1, "G": 0, "garbage_type": "uniform", "min_garb_pairs": 3, "min_garb_phi_delta": 0.1, "min_garb_samps": 1, "truthfn": "/Users/ethankulman/SuperMT/data/sim_K150_S20_T1000_M150_G0_run1/truth/sim_K150_S20_T1000_M150_G0_run1.truth.pickle", "paramsfn": "/Users/ethankulman/SuperMT/data/sim_K150_S20_T1000_M150_G0_run1/truth/sim_K150_S20_T1000_M150_G0_run1.params.json", "ssmfn": "/Users/ethankulman/SuperMT/data/sim_K150_S20_T1000_M150_G0_run1/truth/sim_K150_S20_T1000_M150_G0_run1.ssm"}}, "clusters": [["s50"], ["s146"], ["s69"], ["s62"], ["s106"], ["s115"], ["s74"], ["s98"], ["s11"], ["s99"], ["s139"], ["s0"], ["s143"], ["s8"], ["s100"], ["s87"], ["s66"], ["s137"], ["s124"], ["s23"], ["s145"], ["s107"], ["s123"], ["s20"], ["s57"], ["s149"], ["s68"], ["s58"], ["s17"], ["s14"], ["s104"], ["s30"], ["s147"], ["s129"], ["s64"], ["s53"], ["s24"], ["s117"], ["s90"], ["s105"], ["s108"], ["s121"], ["s48"], ["s44"], ["s5"], ["s21"], ["s76"], ["s59"], ["s77"], ["s19"], ["s140"], ["s120"], ["s91"], ["s88"], ["s54"], ["s52"], ["s22"], ["s109"], ["s40"], ["s112"], ["s61"], ["s126"], ["s132"], ["s94"], ["s135"], ["s29"], ["s46"], ["s128"], ["s6"], ["s127"], ["s55"], ["s18"], ["s118"], ["s36"], ["s51"], ["s84"], ["s119"], ["s79"], ["s125"], ["s38"], ["s134"], ["s138"], ["s101"], ["s80"], ["s33"], ["s37"], ["s130"], ["s72"], ["s9"], ["s60"], ["s67"], ["s32"], ["s78"], ["s144"], ["s1"], ["s102"], ["s26"], ["s142"], ["s113"], ["s2"], ["s82"], ["s73"], ["s3"], ["s141"], ["s86"], ["s103"], ["s39"], ["s41"], ["s45"], ["s10"], ["s85"], ["s47"], ["s136"], ["s89"], ["s122"], ["s16"], ["s133"], ["s56"], ["s13"], ["s63"], ["s114"], ["s95"], ["s12"], ["s75"], ["s110"], ["s92"], ["s65"], ["s81"], ["s7"], ["s35"], ["s70"], ["s83"], ["s93"], ["s96"], ["s25"], ["s42"], ["s148"], ["s34"], ["s71"], ["s97"], ["s27"], ["s28"], ["s43"], ["s49"], ["s111"], ["s116"], ["s131"], ["s15"], ["s4"], ["s31"]]}