{"samples": ["Sample 1", "Sample 2", "Sample 3", "Sample 4", "Sample 5", "Sample 6", "Sample 7", "Sample 8", "Sample 9", "Sample 10"], "garbage": [], "simparams": {"K": 30, "S": 10, "T": 200, "M": 30, "C": 0, "H": 1, "G": 0, "garbage_type": "uniform", "alpha": 0.1, "tree_type": null, "seed": 1415794996, "args": {"seed": null, "tree_type": null, "write_clusters": true, "write_ssm_phi": false, "write_structures": false, "numpy_fn": "/Users/ethankulman/SuperMT/data/sim_K30_S10_T200_M30_G0_run1/truth/sim_K30_S10_T200_M30_G0_run1.truth.npz", "alpha": 0.1, "K": 30, "S": 10, "T": 200, "M": 30, "C": 0, "H": 1, "G": 0, "garbage_type": "uniform", "min_garb_pairs": 3, "min_garb_phi_delta": 0.1, "min_garb_samps": 1, "truthfn": "/Users/ethankulman/SuperMT/data/sim_K30_S10_T200_M30_G0_run1/truth/sim_K30_S10_T200_M30_G0_run1.truth.pickle", "paramsfn": "/Users/ethankulman/SuperMT/data/sim_K30_S10_T200_M30_G0_run1/truth/sim_K30_S10_T200_M30_G0_run1.params.json", "ssmfn": "/Users/ethankulman/SuperMT/data/sim_K30_S10_T200_M30_G0_run1/truth/sim_K30_S10_T200_M30_G0_run1.ssm"}}, "clusters": [["s9"], ["s22"], ["s20"], ["s6"], ["s17"], ["s1"], ["s11"], ["s3"], ["s28"], ["s4"], ["s5"], ["s14"], ["s7"], ["s18"], ["s8"], ["s15"], ["s29"], ["s10"], ["s12"], ["s2"], ["s21"], ["s26"], ["s23"], ["s24"], ["s25"], ["s19"], ["s27"], ["s16"], ["s13"], ["s0"]]}