{"samples": ["Sample 1", "Sample 2", "Sample 3", "Sample 4", "Sample 5", "Sample 6", "Sample 7", "Sample 8", "Sample 9", "Sample 10", "Sample 11", "Sample 12", "Sample 13", "Sample 14", "Sample 15", "Sample 16", "Sample 17", "Sample 18", "Sample 19", "Sample 20", "Sample 21", "Sample 22", "Sample 23", "Sample 24", "Sample 25", "Sample 26", "Sample 27", "Sample 28", "Sample 29", "Sample 30"], "garbage": [], "simparams": {"K": 150, "S": 30, "T": 1000, "M": 150, "C": 0, "H": 1, "G": 0, "garbage_type": "uniform", "alpha": 0.1, "tree_type": null, "seed": 866803444, "args": {"seed": null, "tree_type": null, "write_clusters": true, "write_ssm_phi": false, "write_structures": false, "numpy_fn": "/Users/ethankulman/SuperMT/data/sim_K150_S30_T1000_M150_G0_run1/truth/sim_K150_S30_T1000_M150_G0_run1.truth.npz", "alpha": 0.1, "K": 150, "S": 30, "T": 1000, "M": 150, "C": 0, "H": 1, "G": 0, "garbage_type": "uniform", "min_garb_pairs": 3, "min_garb_phi_delta": 0.1, "min_garb_samps": 1, "truthfn": "/Users/ethankulman/SuperMT/data/sim_K150_S30_T1000_M150_G0_run1/truth/sim_K150_S30_T1000_M150_G0_run1.truth.pickle", "paramsfn": "/Users/ethankulman/SuperMT/data/sim_K150_S30_T1000_M150_G0_run1/truth/sim_K150_S30_T1000_M150_G0_run1.params.json", "ssmfn": "/Users/ethankulman/SuperMT/data/sim_K150_S30_T1000_M150_G0_run1/truth/sim_K150_S30_T1000_M150_G0_run1.ssm"}}, "clusters": [["s51"], ["s16"], ["s117"], ["s123"], ["s142"], ["s124"], ["s139"], ["s39"], ["s108"], ["s34"], ["s80"], ["s45"], ["s31"], ["s15"], ["s5"], ["s98"], ["s114"], ["s149"], ["s67"], ["s115"], ["s50"], ["s68"], ["s93"], ["s60"], ["s72"], ["s23"], ["s8"], ["s46"], ["s30"], ["s58"], ["s97"], ["s107"], ["s133"], ["s145"], ["s25"], ["s55"], ["s10"], ["s110"], ["s76"], ["s56"], ["s73"], ["s75"], ["s11"], ["s116"], ["s59"], ["s109"], ["s102"], ["s148"], ["s88"], ["s65"], ["s141"], ["s119"], ["s105"], ["s14"], ["s121"], ["s129"], ["s77"], ["s111"], ["s52"], ["s33"], ["s71"], ["s138"], ["s1"], ["s69"], ["s90"], ["s35"], ["s89"], ["s95"], ["s70"], ["s85"], ["s134"], ["s2"], ["s36"], ["s21"], ["s20"], ["s47"], ["s101"], ["s118"], ["s7"], ["s137"], ["s103"], ["s106"], ["s29"], ["s19"], ["s26"], ["s83"], ["s86"], ["s112"], ["s130"], ["s12"], ["s81"], ["s17"], ["s27"], ["s41"], ["s9"], ["s63"], ["s32"], ["s4"], ["s28"], ["s125"], ["s99"], ["s84"], ["s6"], ["s91"], ["s61"], ["s49"], ["s128"], ["s140"], ["s3"], ["s66"], ["s62"], ["s82"], ["s43"], ["s122"], ["s126"], ["s104"], ["s131"], ["s132"], ["s92"], ["s74"], ["s18"], ["s96"], ["s87"], ["s53"], ["s146"], ["s40"], ["s64"], ["s147"], ["s94"], ["s37"], ["s143"], ["s127"], ["s24"], ["s48"], ["s79"], ["s135"], ["s42"], ["s120"], ["s136"], ["s144"], ["s0"], ["s54"], ["s78"], ["s44"], ["s38"], ["s100"], ["s13"], ["s22"], ["s57"], ["s113"]]}