{"samples": ["Sample 1", "Sample 2", "Sample 3", "Sample 4", "Sample 5", "Sample 6", "Sample 7", "Sample 8", "Sample 9", "Sample 10", "Sample 11", "Sample 12", "Sample 13", "Sample 14", "Sample 15", "Sample 16", "Sample 17", "Sample 18", "Sample 19", "Sample 20"], "garbage": [], "simparams": {"K": 50, "S": 20, "T": 200, "M": 50, "C": 0, "H": 1, "G": 0, "garbage_type": "uniform", "alpha": 0.1, "tree_type": null, "seed": 779998879, "args": {"seed": null, "tree_type": null, "write_clusters": true, "write_ssm_phi": false, "write_structures": false, "numpy_fn": "/Users/ethankulman/SuperMT/data/sim_K50_S20_T200_M50_G0_run1/truth/sim_K50_S20_T200_M50_G0_run1.truth.npz", "alpha": 0.1, "K": 50, "S": 20, "T": 200, "M": 50, "C": 0, "H": 1, "G": 0, "garbage_type": "uniform", "min_garb_pairs": 3, "min_garb_phi_delta": 0.1, "min_garb_samps": 1, "truthfn": "/Users/ethankulman/SuperMT/data/sim_K50_S20_T200_M50_G0_run1/truth/sim_K50_S20_T200_M50_G0_run1.truth.pickle", "paramsfn": "/Users/ethankulman/SuperMT/data/sim_K50_S20_T200_M50_G0_run1/truth/sim_K50_S20_T200_M50_G0_run1.params.json", "ssmfn": "/Users/ethankulman/SuperMT/data/sim_K50_S20_T200_M50_G0_run1/truth/sim_K50_S20_T200_M50_G0_run1.ssm"}}, "clusters": [["s27"], ["s49"], ["s25"], ["s15"], ["s34"], ["s7"], ["s3"], ["s4"], ["s16"], ["s26"], ["s10"], ["s21"], ["s11"], ["s5"], ["s36"], ["s39"], ["s24"], ["s44"], ["s32"], ["s41"], ["s12"], ["s13"], ["s47"], ["s43"], ["s0"], ["s6"], ["s45"], ["s35"], ["s20"], ["s23"], ["s1"], ["s8"], ["s2"], ["s48"], ["s22"], ["s28"], ["s46"], ["s40"], ["s14"], ["s9"], ["s19"], ["s18"], ["s37"], ["s31"], ["s29"], ["s30"], ["s33"], ["s17"], ["s38"], ["s42"]]}