{"samples": ["Sample 1", "Sample 2", "Sample 3", "Sample 4", "Sample 5", "Sample 6", "Sample 7", "Sample 8", "Sample 9", "Sample 10"], "garbage": [], "simparams": {"K": 150, "S": 10, "T": 50, "M": 150, "C": 0, "H": 1, "G": 0, "garbage_type": "uniform", "alpha": 0.1, "tree_type": null, "seed": 279141285, "args": {"seed": null, "tree_type": null, "write_clusters": true, "write_ssm_phi": false, "write_structures": false, "numpy_fn": "/Users/ethankulman/SuperMT/data/sim_K150_S10_T50_M150_G0_run1/truth/sim_K150_S10_T50_M150_G0_run1.truth.npz", "alpha": 0.1, "K": 150, "S": 10, "T": 50, "M": 150, "C": 0, "H": 1, "G": 0, "garbage_type": "uniform", "min_garb_pairs": 3, "min_garb_phi_delta": 0.1, "min_garb_samps": 1, "truthfn": "/Users/ethankulman/SuperMT/data/sim_K150_S10_T50_M150_G0_run1/truth/sim_K150_S10_T50_M150_G0_run1.truth.pickle", "paramsfn": "/Users/ethankulman/SuperMT/data/sim_K150_S10_T50_M150_G0_run1/truth/sim_K150_S10_T50_M150_G0_run1.params.json", "ssmfn": "/Users/ethankulman/SuperMT/data/sim_K150_S10_T50_M150_G0_run1/truth/sim_K150_S10_T50_M150_G0_run1.ssm"}}, "clusters": [["s55"], ["s31"], ["s125"], ["s6"], ["s90"], ["s24"], ["s51"], ["s107"], ["s67"], ["s81"], ["s15"], ["s78"], ["s63"], ["s83"], ["s18"], ["s58"], ["s138"], ["s12"], ["s3"], ["s65"], ["s80"], ["s19"], ["s25"], ["s9"], ["s124"], ["s96"], ["s49"], ["s40"], ["s122"], ["s134"], ["s140"], ["s87"], ["s79"], ["s103"], ["s93"], ["s108"], ["s115"], ["s43"], ["s72"], ["s11"], ["s57"], ["s52"], ["s148"], ["s112"], ["s97"], ["s60"], ["s38"], ["s109"], ["s4"], ["s34"], ["s117"], ["s74"], ["s127"], ["s147"], ["s14"], ["s53"], ["s46"], ["s86"], ["s133"], ["s136"], ["s71"], ["s37"], ["s94"], ["s68"], ["s39"], ["s145"], ["s66"], ["s130"], ["s0"], ["s47"], ["s26"], ["s129"], ["s33"], ["s45"], ["s89"], ["s123"], ["s48"], ["s105"], ["s113"], ["s146"], ["s142"], ["s50"], ["s137"], ["s111"], ["s23"], ["s44"], ["s41"], ["s75"], ["s104"], ["s32"], ["s42"], ["s99"], ["s28"], ["s149"], ["s128"], ["s35"], ["s5"], ["s110"], ["s7"], ["s102"], ["s114"], ["s121"], ["s88"], ["s64"], ["s56"], ["s101"], ["s144"], ["s118"], ["s95"], ["s76"], ["s106"], ["s62"], ["s135"], ["s29"], ["s13"], ["s141"], ["s10"], ["s20"], ["s59"], ["s2"], ["s1"], ["s131"], ["s36"], ["s16"], ["s54"], ["s91"], ["s77"], ["s70"], ["s98"], ["s21"], ["s27"], ["s120"], ["s126"], ["s116"], ["s132"], ["s8"], ["s84"], ["s61"], ["s73"], ["s139"], ["s69"], ["s100"], ["s30"], ["s85"], ["s92"], ["s22"], ["s82"], ["s143"], ["s17"], ["s119"]]}