{"samples": ["Sample 1", "Sample 2", "Sample 3", "Sample 4", "Sample 5", "Sample 6", "Sample 7", "Sample 8", "Sample 9", "Sample 10", "Sample 11", "Sample 12", "Sample 13", "Sample 14", "Sample 15", "Sample 16", "Sample 17", "Sample 18", "Sample 19", "Sample 20", "Sample 21", "Sample 22", "Sample 23", "Sample 24", "Sample 25", "Sample 26", "Sample 27", "Sample 28", "Sample 29", "Sample 30"], "garbage": [], "simparams": {"K": 100, "S": 30, "T": 50, "M": 100, "C": 0, "H": 1, "G": 0, "garbage_type": "uniform", "alpha": 0.1, "tree_type": null, "seed": 1274520486, "args": {"seed": null, "tree_type": null, "write_clusters": true, "write_ssm_phi": false, "write_structures": false, "numpy_fn": "/Users/ethankulman/SuperMT/data/sim_K100_S30_T50_M100_G0_run1/truth/sim_K100_S30_T50_M100_G0_run1.truth.npz", "alpha": 0.1, "K": 100, "S": 30, "T": 50, "M": 100, "C": 0, "H": 1, "G": 0, "garbage_type": "uniform", "min_garb_pairs": 3, "min_garb_phi_delta": 0.1, "min_garb_samps": 1, "truthfn": "/Users/ethankulman/SuperMT/data/sim_K100_S30_T50_M100_G0_run1/truth/sim_K100_S30_T50_M100_G0_run1.truth.pickle", "paramsfn": "/Users/ethankulman/SuperMT/data/sim_K100_S30_T50_M100_G0_run1/truth/sim_K100_S30_T50_M100_G0_run1.params.json", "ssmfn": "/Users/ethankulman/SuperMT/data/sim_K100_S30_T50_M100_G0_run1/truth/sim_K100_S30_T50_M100_G0_run1.ssm"}}, "clusters": [["s75"], ["s33"], ["s70"], ["s83"], ["s16"], ["s34"], ["s22"], ["s90"], ["s30"], ["s26"], ["s99"], ["s57"], ["s98"], ["s62"], ["s92"], ["s29"], ["s49"], ["s74"], ["s15"], ["s3"], ["s21"], ["s82"], ["s81"], ["s6"], ["s73"], ["s11"], ["s31"], ["s97"], ["s89"], ["s25"], ["s2"], ["s8"], ["s51"], ["s20"], ["s78"], ["s53"], ["s42"], ["s66"], ["s10"], ["s72"], ["s44"], ["s38"], ["s43"], ["s80"], ["s32"], ["s28"], ["s46"], ["s12"], ["s95"], ["s27"], ["s54"], ["s23"], ["s9"], ["s7"], ["s47"], ["s93"], ["s24"], ["s0"], ["s19"], ["s4"], ["s77"], ["s94"], ["s79"], ["s63"], ["s65"], ["s76"], ["s37"], ["s13"], ["s55"], ["s56"], ["s87"], ["s17"], ["s36"], ["s67"], ["s61"], ["s71"], ["s14"], ["s86"], ["s39"], ["s40"], ["s88"], ["s52"], ["s91"], ["s45"], ["s50"], ["s59"], ["s68"], ["s64"], ["s84"], ["s69"], ["s1"], ["s41"], ["s58"], ["s60"], ["s85"], ["s35"], ["s18"], ["s5"], ["s96"], ["s48"]]}