{"samples": ["Sample 1", "Sample 2", "Sample 3", "Sample 4", "Sample 5", "Sample 6", "Sample 7", "Sample 8", "Sample 9", "Sample 10", "Sample 11", "Sample 12", "Sample 13", "Sample 14", "Sample 15", "Sample 16", "Sample 17", "Sample 18", "Sample 19", "Sample 20"], "garbage": [], "simparams": {"K": 100, "S": 20, "T": 200, "M": 100, "C": 0, "H": 1, "G": 0, "garbage_type": "uniform", "alpha": 0.1, "tree_type": null, "seed": 1771393739, "args": {"seed": null, "tree_type": null, "write_clusters": true, "write_ssm_phi": false, "write_structures": false, "numpy_fn": "/Users/ethankulman/SuperMT/data/sim_K100_S20_T200_M100_G0_run1/truth/sim_K100_S20_T200_M100_G0_run1.truth.npz", "alpha": 0.1, "K": 100, "S": 20, "T": 200, "M": 100, "C": 0, "H": 1, "G": 0, "garbage_type": "uniform", "min_garb_pairs": 3, "min_garb_phi_delta": 0.1, "min_garb_samps": 1, "truthfn": "/Users/ethankulman/SuperMT/data/sim_K100_S20_T200_M100_G0_run1/truth/sim_K100_S20_T200_M100_G0_run1.truth.pickle", "paramsfn": "/Users/ethankulman/SuperMT/data/sim_K100_S20_T200_M100_G0_run1/truth/sim_K100_S20_T200_M100_G0_run1.params.json", "ssmfn": "/Users/ethankulman/SuperMT/data/sim_K100_S20_T200_M100_G0_run1/truth/sim_K100_S20_T200_M100_G0_run1.ssm"}}, "clusters": [["s37"], ["s71"], ["s31"], ["s19"], ["s11"], ["s29"], ["s3"], ["s44"], ["s7"], ["s49"], ["s64"], ["s47"], ["s82"], ["s80"], ["s60"], ["s58"], ["s48"], ["s76"], ["s32"], ["s72"], ["s10"], ["s2"], ["s98"], ["s88"], ["s15"], ["s43"], ["s91"], ["s40"], ["s20"], ["s57"], ["s95"], ["s62"], ["s66"], ["s4"], ["s50"], ["s53"], ["s67"], ["s61"], ["s99"], ["s65"], ["s6"], ["s34"], ["s39"], ["s22"], ["s56"], ["s68"], ["s63"], ["s1"], ["s52"], ["s94"], ["s54"], ["s36"], ["s23"], ["s16"], ["s14"], ["s30"], ["s51"], ["s84"], ["s86"], ["s46"], ["s85"], ["s27"], ["s96"], ["s18"], ["s92"], ["s93"], ["s77"], ["s12"], ["s42"], ["s41"], ["s81"], ["s89"], ["s75"], ["s17"], ["s70"], ["s87"], ["s74"], ["s38"], ["s9"], ["s24"], ["s79"], ["s83"], ["s45"], ["s59"], ["s78"], ["s26"], ["s21"], ["s73"], ["s13"], ["s5"], ["s97"], ["s0"], ["s28"], ["s69"], ["s55"], ["s35"], ["s33"], ["s90"], ["s25"], ["s8"]]}