{"samples": ["Sample 1", "Sample 2", "Sample 3", "Sample 4", "Sample 5", "Sample 6", "Sample 7", "Sample 8", "Sample 9", "Sample 10"], "garbage": [], "simparams": {"K": 200, "S": 10, "T": 50, "M": 200, "C": 0, "H": 1, "G": 0, "garbage_type": "uniform", "alpha": 0.1, "tree_type": null, "seed": 480173965, "args": {"seed": null, "tree_type": null, "write_clusters": true, "write_ssm_phi": false, "write_structures": false, "numpy_fn": "/Users/ethankulman/SuperMT/data/sim_K200_S10_T50_M200_G0_run1/truth/sim_K200_S10_T50_M200_G0_run1.truth.npz", "alpha": 0.1, "K": 200, "S": 10, "T": 50, "M": 200, "C": 0, "H": 1, "G": 0, "garbage_type": "uniform", "min_garb_pairs": 3, "min_garb_phi_delta": 0.1, "min_garb_samps": 1, "truthfn": "/Users/ethankulman/SuperMT/data/sim_K200_S10_T50_M200_G0_run1/truth/sim_K200_S10_T50_M200_G0_run1.truth.pickle", "paramsfn": "/Users/ethankulman/SuperMT/data/sim_K200_S10_T50_M200_G0_run1/truth/sim_K200_S10_T50_M200_G0_run1.params.json", "ssmfn": "/Users/ethankulman/SuperMT/data/sim_K200_S10_T50_M200_G0_run1/truth/sim_K200_S10_T50_M200_G0_run1.ssm"}}, "clusters": [["s172"], ["s180"], ["s44"], ["s77"], ["s146"], ["s4"], ["s94"], ["s47"], ["s191"], ["s50"], ["s100"], ["s15"], ["s30"], ["s110"], ["s73"], ["s62"], ["s20"], ["s169"], ["s82"], ["s6"], ["s190"], ["s95"], ["s19"], ["s137"], ["s92"], ["s5"], ["s116"], ["s18"], ["s135"], ["s54"], ["s88"], ["s86"], ["s145"], ["s32"], ["s149"], ["s159"], ["s186"], ["s87"], ["s138"], ["s157"], ["s155"], ["s13"], ["s199"], ["s24"], ["s178"], ["s111"], ["s46"], ["s188"], ["s99"], ["s21"], ["s91"], ["s163"], ["s66"], ["s187"], ["s56"], ["s152"], ["s131"], ["s9"], ["s41"], ["s17"], ["s93"], ["s196"], ["s153"], ["s133"], ["s139"], ["s170"], ["s198"], ["s81"], ["s74"], ["s12"], ["s3"], ["s144"], ["s197"], ["s194"], ["s112"], ["s38"], ["s103"], ["s142"], ["s141"], ["s65"], ["s8"], ["s51"], ["s67"], ["s83"], ["s90"], ["s179"], ["s2"], ["s31"], ["s78"], ["s79"], ["s52"], ["s29"], ["s184"], ["s181"], ["s97"], ["s168"], ["s193"], ["s101"], ["s11"], ["s39"], ["s49"], ["s117"], ["s69"], ["s122"], ["s104"], ["s55"], ["s36"], ["s174"], ["s25"], ["s175"], ["s166"], ["s115"], ["s68"], ["s162"], ["s0"], ["s177"], ["s125"], ["s71"], ["s14"], ["s7"], ["s96"], ["s107"], ["s23"], ["s16"], ["s151"], ["s150"], ["s60"], ["s120"], ["s98"], ["s156"], ["s22"], ["s26"], ["s61"], ["s192"], ["s58"], ["s45"], ["s176"], ["s164"], ["s119"], ["s118"], ["s85"], ["s123"], ["s80"], ["s127"], ["s43"], ["s124"], ["s109"], ["s182"], ["s1"], ["s28"], ["s171"], ["s126"], ["s160"], ["s33"], ["s140"], ["s84"], ["s185"], ["s105"], ["s143"], ["s113"], ["s34"], ["s64"], ["s108"], ["s147"], ["s114"], ["s59"], ["s53"], ["s173"], ["s128"], ["s10"], ["s121"], ["s132"], ["s40"], ["s161"], ["s70"], ["s57"], ["s42"], ["s136"], ["s76"], ["s148"], ["s35"], ["s27"], ["s165"], ["s72"], ["s37"], ["s129"], ["s130"], ["s183"], ["s134"], ["s158"], ["s195"], ["s63"], ["s167"], ["s106"], ["s48"], ["s89"], ["s75"], ["s102"], ["s189"], ["s154"]]}