{"samples": ["Sample 1", "Sample 2", "Sample 3", "Sample 4", "Sample 5", "Sample 6", "Sample 7", "Sample 8", "Sample 9", "Sample 10", "Sample 11", "Sample 12", "Sample 13", "Sample 14", "Sample 15", "Sample 16", "Sample 17", "Sample 18", "Sample 19", "Sample 20"], "garbage": [], "simparams": {"K": 150, "S": 20, "T": 50, "M": 150, "C": 0, "H": 1, "G": 0, "garbage_type": "uniform", "alpha": 0.1, "tree_type": null, "seed": 1154785786, "args": {"seed": null, "tree_type": null, "write_clusters": true, "write_ssm_phi": false, "write_structures": false, "numpy_fn": "/Users/ethankulman/SuperMT/data/sim_K150_S20_T50_M150_G0_run1/truth/sim_K150_S20_T50_M150_G0_run1.truth.npz", "alpha": 0.1, "K": 150, "S": 20, "T": 50, "M": 150, "C": 0, "H": 1, "G": 0, "garbage_type": "uniform", "min_garb_pairs": 3, "min_garb_phi_delta": 0.1, "min_garb_samps": 1, "truthfn": "/Users/ethankulman/SuperMT/data/sim_K150_S20_T50_M150_G0_run1/truth/sim_K150_S20_T50_M150_G0_run1.truth.pickle", "paramsfn": "/Users/ethankulman/SuperMT/data/sim_K150_S20_T50_M150_G0_run1/truth/sim_K150_S20_T50_M150_G0_run1.params.json", "ssmfn": "/Users/ethankulman/SuperMT/data/sim_K150_S20_T50_M150_G0_run1/truth/sim_K150_S20_T50_M150_G0_run1.ssm"}}, "clusters": [["s99"], ["s101"], ["s128"], ["s144"], ["s30"], ["s75"], ["s72"], ["s147"], ["s71"], ["s21"], ["s57"], ["s49"], ["s109"], ["s106"], ["s36"], ["s51"], ["s20"], ["s33"], ["s25"], ["s38"], ["s131"], ["s15"], ["s26"], ["s74"], ["s82"], ["s77"], ["s116"], ["s103"], ["s83"], ["s3"], ["s142"], ["s34"], ["s11"], ["s29"], ["s124"], ["s32"], ["s89"], ["s98"], ["s97"], ["s48"], ["s17"], ["s64"], ["s100"], ["s45"], ["s42"], ["s52"], ["s121"], ["s39"], ["s78"], ["s84"], ["s134"], ["s90"], ["s44"], ["s16"], ["s143"], ["s73"], ["s5"], ["s117"], ["s139"], ["s53"], ["s115"], ["s102"], ["s70"], ["s94"], ["s22"], ["s86"], ["s138"], ["s88"], ["s47"], ["s62"], ["s69"], ["s61"], ["s63"], ["s92"], ["s112"], ["s125"], ["s31"], ["s145"], ["s93"], ["s9"], ["s111"], ["s54"], ["s43"], ["s55"], ["s135"], ["s8"], ["s6"], ["s66"], ["s14"], ["s58"], ["s130"], ["s110"], ["s104"], ["s35"], ["s0"], ["s85"], ["s105"], ["s23"], ["s60"], ["s118"], ["s95"], ["s120"], ["s76"], ["s114"], ["s148"], ["s37"], ["s41"], ["s136"], ["s140"], ["s146"], ["s59"], ["s119"], ["s56"], ["s40"], ["s46"], ["s129"], ["s2"], ["s137"], ["s127"], ["s27"], ["s79"], ["s65"], ["s10"], ["s132"], ["s67"], ["s122"], ["s28"], ["s68"], ["s12"], ["s13"], ["s4"], ["s50"], ["s18"], ["s91"], ["s19"], ["s80"], ["s24"], ["s7"], ["s81"], ["s149"], ["s87"], ["s113"], ["s123"], ["s141"], ["s1"], ["s96"], ["s108"], ["s133"], ["s126"], ["s107"]]}