{"samples": ["Sample 1", "Sample 2", "Sample 3", "Sample 4", "Sample 5", "Sample 6", "Sample 7", "Sample 8", "Sample 9", "Sample 10"], "garbage": [], "simparams": {"K": 100, "S": 10, "T": 50, "M": 100, "C": 0, "H": 1, "G": 0, "garbage_type": "uniform", "alpha": 0.1, "tree_type": null, "seed": 622866949, "args": {"seed": null, "tree_type": null, "write_clusters": true, "write_ssm_phi": false, "write_structures": false, "numpy_fn": "/Users/ethankulman/SuperMT/data/sim_K100_S10_T50_M100_G0_run1/truth/sim_K100_S10_T50_M100_G0_run1.truth.npz", "alpha": 0.1, "K": 100, "S": 10, "T": 50, "M": 100, "C": 0, "H": 1, "G": 0, "garbage_type": "uniform", "min_garb_pairs": 3, "min_garb_phi_delta": 0.1, "min_garb_samps": 1, "truthfn": "/Users/ethankulman/SuperMT/data/sim_K100_S10_T50_M100_G0_run1/truth/sim_K100_S10_T50_M100_G0_run1.truth.pickle", "paramsfn": "/Users/ethankulman/SuperMT/data/sim_K100_S10_T50_M100_G0_run1/truth/sim_K100_S10_T50_M100_G0_run1.params.json", "ssmfn": "/Users/ethankulman/SuperMT/data/sim_K100_S10_T50_M100_G0_run1/truth/sim_K100_S10_T50_M100_G0_run1.ssm"}}, "clusters": [["s94"], ["s63"], ["s14"], ["s82"], ["s24"], ["s6"], ["s61"], ["s1"], ["s44"], ["s71"], ["s59"], ["s47"], ["s50"], ["s86"], ["s27"], ["s42"], ["s98"], ["s12"], ["s52"], ["s15"], ["s0"], ["s67"], ["s39"], ["s2"], ["s93"], ["s19"], ["s9"], ["s84"], ["s57"], ["s72"], ["s33"], ["s8"], ["s28"], ["s35"], ["s25"], ["s70"], ["s54"], ["s96"], ["s29"], ["s80"], ["s85"], ["s18"], ["s73"], ["s88"], ["s53"], ["s7"], ["s45"], ["s48"], ["s23"], ["s62"], ["s87"], ["s22"], ["s68"], ["s91"], ["s66"], ["s99"], ["s32"], ["s31"], ["s60"], ["s36"], ["s58"], ["s64"], ["s95"], ["s4"], ["s16"], ["s20"], ["s21"], ["s75"], ["s5"], ["s30"], ["s76"], ["s51"], ["s90"], ["s49"], ["s46"], ["s78"], ["s3"], ["s34"], ["s77"], ["s69"], ["s74"], ["s38"], ["s89"], ["s41"], ["s43"], ["s92"], ["s83"], ["s81"], ["s37"], ["s10"], ["s79"], ["s56"], ["s26"], ["s97"], ["s11"], ["s65"], ["s13"], ["s55"], ["s17"], ["s40"]]}