{"samples": ["Sample 1", "Sample 2", "Sample 3", "Sample 4", "Sample 5", "Sample 6", "Sample 7", "Sample 8", "Sample 9", "Sample 10"], "garbage": [], "simparams": {"K": 100, "S": 10, "T": 200, "M": 100, "C": 0, "H": 1, "G": 0, "garbage_type": "uniform", "alpha": 0.1, "tree_type": null, "seed": 467873135, "args": {"seed": null, "tree_type": null, "write_clusters": true, "write_ssm_phi": false, "write_structures": false, "numpy_fn": "/Users/ethankulman/SuperMT/data/sim_K100_S10_T200_M100_G0_run1/truth/sim_K100_S10_T200_M100_G0_run1.truth.npz", "alpha": 0.1, "K": 100, "S": 10, "T": 200, "M": 100, "C": 0, "H": 1, "G": 0, "garbage_type": "uniform", "min_garb_pairs": 3, "min_garb_phi_delta": 0.1, "min_garb_samps": 1, "truthfn": "/Users/ethankulman/SuperMT/data/sim_K100_S10_T200_M100_G0_run1/truth/sim_K100_S10_T200_M100_G0_run1.truth.pickle", "paramsfn": "/Users/ethankulman/SuperMT/data/sim_K100_S10_T200_M100_G0_run1/truth/sim_K100_S10_T200_M100_G0_run1.params.json", "ssmfn": "/Users/ethankulman/SuperMT/data/sim_K100_S10_T200_M100_G0_run1/truth/sim_K100_S10_T200_M100_G0_run1.ssm"}}, "clusters": [["s89"], ["s85"], ["s74"], ["s30"], ["s33"], ["s90"], ["s44"], ["s14"], ["s50"], ["s93"], ["s72"], ["s39"], ["s36"], ["s96"], ["s63"], ["s59"], ["s64"], ["s86"], ["s94"], ["s7"], ["s58"], ["s11"], ["s38"], ["s56"], ["s15"], ["s60"], ["s27"], ["s16"], ["s42"], ["s80"], ["s98"], ["s34"], ["s65"], ["s8"], ["s73"], ["s9"], ["s71"], ["s83"], ["s2"], ["s52"], ["s97"], ["s46"], ["s95"], ["s91"], ["s23"], ["s12"], ["s32"], ["s20"], ["s76"], ["s53"], ["s19"], ["s92"], ["s21"], ["s87"], ["s1"], ["s77"], ["s6"], ["s31"], ["s84"], ["s61"], ["s88"], ["s28"], ["s82"], ["s68"], ["s26"], ["s99"], ["s57"], ["s37"], ["s47"], ["s35"], ["s55"], ["s81"], ["s0"], ["s67"], ["s49"], ["s4"], ["s10"], ["s22"], ["s5"], ["s3"], ["s75"], ["s43"], ["s66"], ["s78"], ["s18"], ["s51"], ["s79"], ["s40"], ["s62"], ["s70"], ["s29"], ["s25"], ["s54"], ["s69"], ["s17"], ["s24"], ["s45"], ["s41"], ["s48"], ["s13"]]}