{"samples": ["Sample 1", "Sample 2", "Sample 3", "Sample 4", "Sample 5", "Sample 6", "Sample 7", "Sample 8", "Sample 9", "Sample 10", "Sample 11", "Sample 12", "Sample 13", "Sample 14", "Sample 15", "Sample 16", "Sample 17", "Sample 18", "Sample 19", "Sample 20", "Sample 21", "Sample 22", "Sample 23", "Sample 24", "Sample 25", "Sample 26", "Sample 27", "Sample 28", "Sample 29", "Sample 30"], "garbage": [], "simparams": {"K": 100, "S": 30, "T": 200, "M": 100, "C": 0, "H": 1, "G": 0, "garbage_type": "uniform", "alpha": 0.1, "tree_type": null, "seed": 1677952341, "args": {"seed": null, "tree_type": null, "write_clusters": true, "write_ssm_phi": false, "write_structures": false, "numpy_fn": "/Users/ethankulman/SuperMT/data/sim_K100_S30_T200_M100_G0_run1/truth/sim_K100_S30_T200_M100_G0_run1.truth.npz", "alpha": 0.1, "K": 100, "S": 30, "T": 200, "M": 100, "C": 0, "H": 1, "G": 0, "garbage_type": "uniform", "min_garb_pairs": 3, "min_garb_phi_delta": 0.1, "min_garb_samps": 1, "truthfn": "/Users/ethankulman/SuperMT/data/sim_K100_S30_T200_M100_G0_run1/truth/sim_K100_S30_T200_M100_G0_run1.truth.pickle", "paramsfn": "/Users/ethankulman/SuperMT/data/sim_K100_S30_T200_M100_G0_run1/truth/sim_K100_S30_T200_M100_G0_run1.params.json", "ssmfn": "/Users/ethankulman/SuperMT/data/sim_K100_S30_T200_M100_G0_run1/truth/sim_K100_S30_T200_M100_G0_run1.ssm"}}, "clusters": [["s11"], ["s86"], ["s35"], ["s95"], ["s36"], ["s78"], ["s14"], ["s57"], ["s77"], ["s38"], ["s6"], ["s0"], ["s96"], ["s24"], ["s54"], ["s74"], ["s75"], ["s68"], ["s28"], ["s40"], ["s12"], ["s67"], ["s87"], ["s46"], ["s19"], ["s51"], ["s55"], ["s27"], ["s80"], ["s42"], ["s84"], ["s66"], ["s4"], ["s70"], ["s17"], ["s45"], ["s89"], ["s92"], ["s44"], ["s7"], ["s99"], ["s73"], ["s43"], ["s33"], ["s76"], ["s93"], ["s53"], ["s8"], ["s52"], ["s90"], ["s3"], ["s22"], ["s47"], ["s37"], ["s82"], ["s69"], ["s94"], ["s72"], ["s5"], ["s60"], ["s21"], ["s97"], ["s62"], ["s83"], ["s16"], ["s88"], ["s98"], ["s29"], ["s13"], ["s85"], ["s41"], ["s10"], ["s15"], ["s49"], ["s9"], ["s56"], ["s79"], ["s58"], ["s23"], ["s50"], ["s34"], ["s1"], ["s71"], ["s59"], ["s31"], ["s20"], ["s30"], ["s81"], ["s26"], ["s63"], ["s2"], ["s61"], ["s39"], ["s65"], ["s32"], ["s18"], ["s48"], ["s91"], ["s64"], ["s25"]]}