{"samples": ["Sample 1", "Sample 2", "Sample 3", "Sample 4", "Sample 5", "Sample 6", "Sample 7", "Sample 8", "Sample 9", "Sample 10"], "garbage": [], "simparams": {"K": 150, "S": 10, "T": 1000, "M": 150, "C": 0, "H": 1, "G": 0, "garbage_type": "uniform", "alpha": 0.1, "tree_type": null, "seed": 1783195943, "args": {"seed": null, "tree_type": null, "write_clusters": true, "write_ssm_phi": false, "write_structures": false, "numpy_fn": "/Users/ethankulman/SuperMT/data/sim_K150_S10_T1000_M150_G0_run1/truth/sim_K150_S10_T1000_M150_G0_run1.truth.npz", "alpha": 0.1, "K": 150, "S": 10, "T": 1000, "M": 150, "C": 0, "H": 1, "G": 0, "garbage_type": "uniform", "min_garb_pairs": 3, "min_garb_phi_delta": 0.1, "min_garb_samps": 1, "truthfn": "/Users/ethankulman/SuperMT/data/sim_K150_S10_T1000_M150_G0_run1/truth/sim_K150_S10_T1000_M150_G0_run1.truth.pickle", "paramsfn": "/Users/ethankulman/SuperMT/data/sim_K150_S10_T1000_M150_G0_run1/truth/sim_K150_S10_T1000_M150_G0_run1.params.json", "ssmfn": "/Users/ethankulman/SuperMT/data/sim_K150_S10_T1000_M150_G0_run1/truth/sim_K150_S10_T1000_M150_G0_run1.ssm"}}, "clusters": [["s58"], ["s74"], ["s54"], ["s18"], ["s13"], ["s133"], ["s100"], ["s21"], ["s112"], ["s34"], ["s55"], ["s47"], ["s83"], ["s139"], ["s16"], ["s66"], ["s86"], ["s125"], ["s52"], ["s19"], ["s79"], ["s57"], ["s115"], ["s90"], ["s148"], ["s98"], ["s122"], ["s24"], ["s146"], ["s87"], ["s107"], ["s110"], ["s4"], ["s45"], ["s38"], ["s44"], ["s3"], ["s81"], ["s135"], ["s27"], ["s68"], ["s48"], ["s53"], ["s128"], ["s63"], ["s67"], ["s49"], ["s62"], ["s127"], ["s80"], ["s70"], ["s15"], ["s136"], ["s117"], ["s75"], ["s96"], ["s140"], ["s0"], ["s76"], ["s65"], ["s39"], ["s142"], ["s59"], ["s11"], ["s10"], ["s29"], ["s50"], ["s73"], ["s43"], ["s97"], ["s99"], ["s94"], ["s26"], ["s85"], ["s40"], ["s119"], ["s95"], ["s7"], ["s23"], ["s129"], ["s60"], ["s132"], ["s30"], ["s105"], ["s22"], ["s134"], ["s32"], ["s17"], ["s102"], ["s5"], ["s137"], ["s108"], ["s103"], ["s77"], ["s92"], ["s56"], ["s126"], ["s9"], ["s71"], ["s82"], ["s25"], ["s123"], ["s93"], ["s64"], ["s33"], ["s111"], ["s1"], ["s118"], ["s130"], ["s120"], ["s144"], ["s61"], ["s88"], ["s8"], ["s20"], ["s6"], ["s2"], ["s104"], ["s36"], ["s14"], ["s91"], ["s141"], ["s42"], ["s149"], ["s35"], ["s145"], ["s41"], ["s131"], ["s37"], ["s12"], ["s116"], ["s147"], ["s46"], ["s121"], ["s113"], ["s84"], ["s124"], ["s31"], ["s89"], ["s28"], ["s72"], ["s101"], ["s78"], ["s143"], ["s138"], ["s106"], ["s114"], ["s69"], ["s109"], ["s51"]]}