{"samples": ["Sample 1", "Sample 2", "Sample 3", "Sample 4", "Sample 5", "Sample 6", "Sample 7", "Sample 8", "Sample 9", "Sample 10", "Sample 11", "Sample 12", "Sample 13", "Sample 14", "Sample 15", "Sample 16", "Sample 17", "Sample 18", "Sample 19", "Sample 20"], "garbage": [], "simparams": {"K": 200, "S": 20, "T": 1000, "M": 200, "C": 0, "H": 1, "G": 0, "garbage_type": "uniform", "alpha": 0.1, "tree_type": null, "seed": 1592889864, "args": {"seed": null, "tree_type": null, "write_clusters": true, "write_ssm_phi": false, "write_structures": false, "numpy_fn": "/Users/ethankulman/SuperMT/data/sim_K200_S20_T1000_M200_G0_run1/truth/sim_K200_S20_T1000_M200_G0_run1.truth.npz", "alpha": 0.1, "K": 200, "S": 20, "T": 1000, "M": 200, "C": 0, "H": 1, "G": 0, "garbage_type": "uniform", "min_garb_pairs": 3, "min_garb_phi_delta": 0.1, "min_garb_samps": 1, "truthfn": "/Users/ethankulman/SuperMT/data/sim_K200_S20_T1000_M200_G0_run1/truth/sim_K200_S20_T1000_M200_G0_run1.truth.pickle", "paramsfn": "/Users/ethankulman/SuperMT/data/sim_K200_S20_T1000_M200_G0_run1/truth/sim_K200_S20_T1000_M200_G0_run1.params.json", "ssmfn": "/Users/ethankulman/SuperMT/data/sim_K200_S20_T1000_M200_G0_run1/truth/sim_K200_S20_T1000_M200_G0_run1.ssm"}}, "clusters": [["s5"], ["s125"], ["s187"], ["s145"], ["s84"], ["s43"], ["s63"], ["s80"], ["s15"], ["s56"], ["s81"], ["s105"], ["s83"], ["s31"], ["s110"], ["s151"], ["s64"], ["s189"], ["s29"], ["s11"], ["s156"], ["s3"], ["s8"], ["s25"], ["s47"], ["s166"], ["s22"], ["s184"], ["s118"], ["s18"], ["s133"], ["s82"], ["s78"], ["s99"], ["s38"], ["s167"], ["s181"], ["s14"], ["s123"], ["s124"], ["s161"], ["s198"], ["s173"], ["s1"], ["s114"], ["s147"], ["s139"], ["s131"], ["s2"], ["s100"], ["s112"], ["s65"], ["s106"], ["s96"], ["s122"], ["s121"], ["s48"], ["s77"], ["s94"], ["s28"], ["s68"], ["s50"], ["s90"], ["s111"], ["s62"], ["s108"], ["s17"], ["s157"], ["s176"], ["s143"], ["s130"], ["s44"], ["s53"], ["s26"], ["s164"], ["s92"], ["s107"], ["s61"], ["s95"], ["s59"], ["s71"], ["s194"], ["s88"], ["s86"], ["s159"], ["s60"], ["s13"], ["s58"], ["s172"], ["s180"], ["s42"], ["s0"], ["s19"], ["s196"], ["s91"], ["s89"], ["s148"], ["s20"], ["s32"], ["s72"], ["s116"], ["s142"], ["s67"], ["s136"], ["s174"], ["s45"], ["s93"], ["s154"], ["s175"], ["s192"], ["s185"], ["s102"], ["s49"], ["s149"], ["s97"], ["s141"], ["s113"], ["s150"], ["s183"], ["s87"], ["s36"], ["s21"], ["s177"], ["s24"], ["s109"], ["s35"], ["s160"], ["s79"], ["s199"], ["s168"], ["s146"], ["s98"], ["s137"], ["s195"], ["s120"], ["s117"], ["s12"], ["s144"], ["s132"], ["s163"], ["s171"], ["s4"], ["s129"], ["s9"], ["s27"], ["s73"], ["s66"], ["s70"], ["s37"], ["s33"], ["s134"], ["s128"], ["s101"], ["s57"], ["s10"], ["s34"], ["s165"], ["s76"], ["s40"], ["s162"], ["s23"], ["s30"], ["s16"], ["s41"], ["s191"], ["s188"], ["s52"], ["s46"], ["s186"], ["s197"], ["s127"], ["s140"], ["s179"], ["s103"], ["s152"], ["s153"], ["s115"], ["s190"], ["s126"], ["s135"], ["s54"], ["s55"], ["s74"], ["s138"], ["s69"], ["s169"], ["s170"], ["s104"], ["s51"], ["s182"], ["s119"], ["s158"], ["s178"], ["s85"], ["s193"], ["s39"], ["s6"], ["s7"], ["s75"], ["s155"]]}