{"samples": ["Sample 1", "Sample 2", "Sample 3", "Sample 4", "Sample 5", "Sample 6", "Sample 7", "Sample 8", "Sample 9", "Sample 10", "Sample 11", "Sample 12", "Sample 13", "Sample 14", "Sample 15", "Sample 16", "Sample 17", "Sample 18", "Sample 19", "Sample 20"], "garbage": [], "simparams": {"K": 100, "S": 20, "T": 50, "M": 100, "C": 0, "H": 1, "G": 0, "garbage_type": "uniform", "alpha": 0.1, "tree_type": null, "seed": 1012272939, "args": {"seed": null, "tree_type": null, "write_clusters": true, "write_ssm_phi": false, "write_structures": false, "numpy_fn": "/Users/ethankulman/SuperMT/data/sim_K100_S20_T50_M100_G0_run1/truth/sim_K100_S20_T50_M100_G0_run1.truth.npz", "alpha": 0.1, "K": 100, "S": 20, "T": 50, "M": 100, "C": 0, "H": 1, "G": 0, "garbage_type": "uniform", "min_garb_pairs": 3, "min_garb_phi_delta": 0.1, "min_garb_samps": 1, "truthfn": "/Users/ethankulman/SuperMT/data/sim_K100_S20_T50_M100_G0_run1/truth/sim_K100_S20_T50_M100_G0_run1.truth.pickle", "paramsfn": "/Users/ethankulman/SuperMT/data/sim_K100_S20_T50_M100_G0_run1/truth/sim_K100_S20_T50_M100_G0_run1.params.json", "ssmfn": "/Users/ethankulman/SuperMT/data/sim_K100_S20_T50_M100_G0_run1/truth/sim_K100_S20_T50_M100_G0_run1.ssm"}}, "clusters": [["s19"], ["s28"], ["s90"], ["s0"], ["s3"], ["s11"], ["s49"], ["s81"], ["s46"], ["s39"], ["s68"], ["s67"], ["s20"], ["s89"], ["s16"], ["s51"], ["s56"], ["s98"], ["s76"], ["s8"], ["s58"], ["s35"], ["s17"], ["s62"], ["s54"], ["s41"], ["s88"], ["s61"], ["s18"], ["s22"], ["s83"], ["s45"], ["s30"], ["s38"], ["s15"], ["s53"], ["s24"], ["s7"], ["s31"], ["s44"], ["s42"], ["s57"], ["s78"], ["s73"], ["s60"], ["s32"], ["s92"], ["s2"], ["s52"], ["s69"], ["s40"], ["s95"], ["s25"], ["s37"], ["s9"], ["s71"], ["s43"], ["s97"], ["s27"], ["s70"], ["s64"], ["s99"], ["s86"], ["s10"], ["s50"], ["s6"], ["s48"], ["s65"], ["s36"], ["s29"], ["s72"], ["s23"], ["s96"], ["s80"], ["s94"], ["s77"], ["s33"], ["s1"], ["s4"], ["s75"], ["s47"], ["s34"], ["s66"], ["s21"], ["s63"], ["s74"], ["s85"], ["s14"], ["s79"], ["s82"], ["s12"], ["s5"], ["s59"], ["s55"], ["s26"], ["s87"], ["s91"], ["s84"], ["s13"], ["s93"]]}