{"samples": ["Sample 1", "Sample 2", "Sample 3", "Sample 4", "Sample 5", "Sample 6", "Sample 7", "Sample 8", "Sample 9", "Sample 10", "Sample 11", "Sample 12", "Sample 13", "Sample 14", "Sample 15", "Sample 16", "Sample 17", "Sample 18", "Sample 19", "Sample 20"], "garbage": [], "simparams": {"K": 30, "S": 20, "T": 1000, "M": 30, "C": 0, "H": 1, "G": 0, "garbage_type": "uniform", "alpha": 0.1, "tree_type": null, "seed": 1259767553, "args": {"seed": null, "tree_type": null, "write_clusters": true, "write_ssm_phi": false, "write_structures": false, "numpy_fn": "/Users/ethankulman/SuperMT/data/sim_K30_S20_T1000_M30_G0_run1/truth/sim_K30_S20_T1000_M30_G0_run1.truth.npz", "alpha": 0.1, "K": 30, "S": 20, "T": 1000, "M": 30, "C": 0, "H": 1, "G": 0, "garbage_type": "uniform", "min_garb_pairs": 3, "min_garb_phi_delta": 0.1, "min_garb_samps": 1, "truthfn": "/Users/ethankulman/SuperMT/data/sim_K30_S20_T1000_M30_G0_run1/truth/sim_K30_S20_T1000_M30_G0_run1.truth.pickle", "paramsfn": "/Users/ethankulman/SuperMT/data/sim_K30_S20_T1000_M30_G0_run1/truth/sim_K30_S20_T1000_M30_G0_run1.params.json", "ssmfn": "/Users/ethankulman/SuperMT/data/sim_K30_S20_T1000_M30_G0_run1/truth/sim_K30_S20_T1000_M30_G0_run1.ssm"}}, "clusters": [["s15"], ["s24"], ["s22"], ["s27"], ["s14"], ["s11"], ["s29"], ["s28"], ["s2"], ["s23"], ["s6"], ["s21"], ["s12"], ["s20"], ["s0"], ["s8"], ["s5"], ["s25"], ["s13"], ["s18"], ["s17"], ["s19"], ["s16"], ["s9"], ["s4"], ["s3"], ["s10"], ["s7"], ["s1"], ["s26"]]}