{"samples": ["Sample 1", "Sample 2", "Sample 3", "Sample 4", "Sample 5", "Sample 6", "Sample 7", "Sample 8", "Sample 9", "Sample 10"], "garbage": [], "simparams": {"K": 10, "S": 10, "T": 200, "M": 10, "C": 0, "H": 1, "G": 0, "garbage_type": "uniform", "alpha": 0.1, "tree_type": null, "seed": 2120157733, "args": {"seed": null, "tree_type": null, "write_clusters": true, "write_ssm_phi": false, "write_structures": false, "numpy_fn": "/Users/ethankulman/SuperMT/data/sim_K10_S10_T200_M10_G0_run1/truth/sim_K10_S10_T200_M10_G0_run1.truth.npz", "alpha": 0.1, "K": 10, "S": 10, "T": 200, "M": 10, "C": 0, "H": 1, "G": 0, "garbage_type": "uniform", "min_garb_pairs": 3, "min_garb_phi_delta": 0.1, "min_garb_samps": 1, "truthfn": "/Users/ethankulman/SuperMT/data/sim_K10_S10_T200_M10_G0_run1/truth/sim_K10_S10_T200_M10_G0_run1.truth.pickle", "paramsfn": "/Users/ethankulman/SuperMT/data/sim_K10_S10_T200_M10_G0_run1/truth/sim_K10_S10_T200_M10_G0_run1.params.json", "ssmfn": "/Users/ethankulman/SuperMT/data/sim_K10_S10_T200_M10_G0_run1/truth/sim_K10_S10_T200_M10_G0_run1.ssm"}}, "clusters": [["s5"], ["s9"], ["s2"], ["s6"], ["s4"], ["s8"], ["s0"], ["s1"], ["s7"], ["s3"]]}