{"samples": ["Sample 1", "Sample 2", "Sample 3", "Sample 4", "Sample 5", "Sample 6", "Sample 7", "Sample 8", "Sample 9", "Sample 10", "Sample 11", "Sample 12", "Sample 13", "Sample 14", "Sample 15", "Sample 16", "Sample 17", "Sample 18", "Sample 19", "Sample 20", "Sample 21", "Sample 22", "Sample 23", "Sample 24", "Sample 25", "Sample 26", "Sample 27", "Sample 28", "Sample 29", "Sample 30"], "garbage": [], "simparams": {"K": 200, "S": 30, "T": 1000, "M": 200, "C": 0, "H": 1, "G": 0, "garbage_type": "uniform", "alpha": 0.1, "tree_type": null, "seed": 569296113, "args": {"seed": null, "tree_type": null, "write_clusters": true, "write_ssm_phi": false, "write_structures": false, "numpy_fn": "/Users/ethankulman/SuperMT/data/sim_K200_S30_T1000_M200_G0_run1/truth/sim_K200_S30_T1000_M200_G0_run1.truth.npz", "alpha": 0.1, "K": 200, "S": 30, "T": 1000, "M": 200, "C": 0, "H": 1, "G": 0, "garbage_type": "uniform", "min_garb_pairs": 3, "min_garb_phi_delta": 0.1, "min_garb_samps": 1, "truthfn": "/Users/ethankulman/SuperMT/data/sim_K200_S30_T1000_M200_G0_run1/truth/sim_K200_S30_T1000_M200_G0_run1.truth.pickle", "paramsfn": "/Users/ethankulman/SuperMT/data/sim_K200_S30_T1000_M200_G0_run1/truth/sim_K200_S30_T1000_M200_G0_run1.params.json", "ssmfn": "/Users/ethankulman/SuperMT/data/sim_K200_S30_T1000_M200_G0_run1/truth/sim_K200_S30_T1000_M200_G0_run1.ssm"}}, "clusters": [["s86"], ["s66"], ["s183"], ["s131"], ["s109"], ["s94"], ["s60"], ["s95"], ["s102"], ["s185"], ["s170"], ["s180"], ["s193"], ["s88"], ["s27"], ["s22"], ["s163"], ["s166"], ["s1"], ["s30"], ["s126"], ["s187"], ["s32"], ["s78"], ["s123"], ["s199"], ["s77"], ["s99"], ["s87"], ["s153"], ["s6"], ["s47"], ["s110"], ["s162"], ["s12"], ["s42"], ["s7"], ["s91"], ["s43"], ["s58"], ["s51"], ["s137"], ["s179"], ["s135"], ["s127"], ["s150"], ["s53"], ["s192"], ["s61"], ["s71"], ["s167"], ["s113"], ["s149"], ["s64"], ["s175"], ["s133"], ["s143"], ["s184"], ["s24"], ["s20"], ["s100"], ["s55"], ["s152"], ["s141"], ["s124"], ["s39"], ["s10"], ["s35"], ["s189"], ["s48"], ["s171"], ["s92"], ["s115"], ["s36"], ["s107"], ["s25"], ["s67"], ["s65"], ["s44"], ["s160"], ["s195"], ["s188"], ["s181"], ["s49"], ["s96"], ["s176"], ["s76"], ["s173"], ["s59"], ["s81"], ["s156"], ["s128"], ["s132"], ["s165"], ["s85"], ["s69"], ["s125"], ["s97"], ["s177"], ["s11"], ["s15"], ["s98"], ["s108"], ["s38"], ["s57"], ["s112"], ["s33"], ["s80"], ["s29"], ["s134"], ["s174"], ["s19"], ["s144"], ["s34"], ["s198"], ["s122"], ["s145"], ["s178"], ["s54"], ["s89"], ["s119"], ["s31"], ["s158"], ["s56"], ["s120"], ["s16"], ["s168"], ["s104"], ["s157"], ["s0"], ["s5"], ["s172"], ["s159"], ["s13"], ["s130"], ["s138"], ["s52"], ["s84"], ["s68"], ["s8"], ["s28"], ["s117"], ["s197"], ["s101"], ["s82"], ["s121"], ["s155"], ["s45"], ["s62"], ["s73"], ["s114"], ["s9"], ["s136"], ["s190"], ["s142"], ["s41"], ["s2"], ["s17"], ["s46"], ["s103"], ["s106"], ["s148"], ["s63"], ["s79"], ["s37"], ["s154"], ["s90"], ["s191"], ["s18"], ["s3"], ["s40"], ["s196"], ["s4"], ["s93"], ["s21"], ["s146"], ["s186"], ["s194"], ["s23"], ["s147"], ["s116"], ["s139"], ["s140"], ["s70"], ["s164"], ["s26"], ["s74"], ["s161"], ["s169"], ["s105"], ["s111"], ["s50"], ["s14"], ["s151"], ["s72"], ["s182"], ["s129"], ["s83"], ["s75"], ["s118"]]}