{"samples": ["Sample 1", "Sample 2", "Sample 3", "Sample 4", "Sample 5", "Sample 6", "Sample 7", "Sample 8", "Sample 9", "Sample 10", "Sample 11", "Sample 12", "Sample 13", "Sample 14", "Sample 15", "Sample 16", "Sample 17", "Sample 18", "Sample 19", "Sample 20", "Sample 21", "Sample 22", "Sample 23", "Sample 24", "Sample 25", "Sample 26", "Sample 27", "Sample 28", "Sample 29", "Sample 30"], "garbage": [], "simparams": {"K": 200, "S": 30, "T": 50, "M": 200, "C": 0, "H": 1, "G": 0, "garbage_type": "uniform", "alpha": 0.1, "tree_type": null, "seed": 2065076171, "args": {"seed": null, "tree_type": null, "write_clusters": true, "write_ssm_phi": false, "write_structures": false, "numpy_fn": "/Users/ethankulman/SuperMT/data/sim_K200_S30_T50_M200_G0_run1/truth/sim_K200_S30_T50_M200_G0_run1.truth.npz", "alpha": 0.1, "K": 200, "S": 30, "T": 50, "M": 200, "C": 0, "H": 1, "G": 0, "garbage_type": "uniform", "min_garb_pairs": 3, "min_garb_phi_delta": 0.1, "min_garb_samps": 1, "truthfn": "/Users/ethankulman/SuperMT/data/sim_K200_S30_T50_M200_G0_run1/truth/sim_K200_S30_T50_M200_G0_run1.truth.pickle", "paramsfn": "/Users/ethankulman/SuperMT/data/sim_K200_S30_T50_M200_G0_run1/truth/sim_K200_S30_T50_M200_G0_run1.params.json", "ssmfn": "/Users/ethankulman/SuperMT/data/sim_K200_S30_T50_M200_G0_run1/truth/sim_K200_S30_T50_M200_G0_run1.ssm"}}, "clusters": [["s139"], ["s56"], ["s86"], ["s95"], ["s143"], ["s112"], ["s158"], ["s11"], ["s195"], ["s129"], ["s83"], ["s103"], ["s142"], ["s62"], ["s58"], ["s98"], ["s134"], ["s35"], ["s84"], ["s116"], ["s94"], ["s120"], ["s148"], ["s194"], ["s178"], ["s177"], ["s119"], ["s8"], ["s47"], ["s15"], ["s91"], ["s25"], ["s68"], ["s153"], ["s52"], ["s3"], ["s65"], ["s16"], ["s82"], ["s1"], ["s173"], ["s172"], ["s37"], ["s174"], ["s186"], ["s160"], ["s38"], ["s111"], ["s85"], ["s22"], ["s55"], ["s141"], ["s54"], ["s169"], ["s171"], ["s76"], ["s44"], ["s149"], ["s101"], ["s127"], ["s89"], ["s193"], ["s71"], ["s159"], ["s2"], ["s93"], ["s181"], ["s96"], ["s80"], ["s39"], ["s27"], ["s161"], ["s18"], ["s176"], ["s135"], ["s30"], ["s138"], ["s72"], ["s73"], ["s137"], ["s4"], ["s59"], ["s110"], ["s115"], ["s182"], ["s154"], ["s147"], ["s170"], ["s156"], ["s162"], ["s124"], ["s77"], ["s14"], ["s100"], ["s43"], ["s104"], ["s107"], ["s64"], ["s17"], ["s53"], ["s31"], ["s132"], ["s50"], ["s66"], ["s183"], ["s122"], ["s109"], ["s45"], ["s130"], ["s164"], ["s114"], ["s40"], ["s63"], ["s175"], ["s102"], ["s145"], ["s163"], ["s26"], ["s192"], ["s33"], ["s0"], ["s123"], ["s99"], ["s46"], ["s105"], ["s42"], ["s165"], ["s184"], ["s57"], ["s29"], ["s140"], ["s60"], ["s92"], ["s168"], ["s21"], ["s19"], ["s190"], ["s6"], ["s144"], ["s74"], ["s197"], ["s70"], ["s191"], ["s131"], ["s155"], ["s180"], ["s167"], ["s126"], ["s199"], ["s24"], ["s128"], ["s81"], ["s117"], ["s133"], ["s157"], ["s152"], ["s12"], ["s78"], ["s90"], ["s79"], ["s188"], ["s48"], ["s121"], ["s67"], ["s118"], ["s41"], ["s61"], ["s51"], ["s28"], ["s106"], ["s69"], ["s75"], ["s189"], ["s34"], ["s10"], ["s179"], ["s88"], ["s87"], ["s136"], ["s49"], ["s146"], ["s20"], ["s23"], ["s97"], ["s108"], ["s13"], ["s187"], ["s166"], ["s32"], ["s196"], ["s151"], ["s5"], ["s9"], ["s150"], ["s7"], ["s36"], ["s125"], ["s113"], ["s198"], ["s185"]]}