{"samples": ["Sample 1", "Sample 2", "Sample 3", "Sample 4", "Sample 5", "Sample 6", "Sample 7", "Sample 8", "Sample 9", "Sample 10"], "garbage": [], "simparams": {"K": 100, "S": 10, "T": 1000, "M": 100, "C": 0, "H": 1, "G": 0, "garbage_type": "uniform", "alpha": 0.1, "tree_type": null, "seed": 1923150609, "args": {"seed": null, "tree_type": null, "write_clusters": true, "write_ssm_phi": false, "write_structures": false, "numpy_fn": "/Users/ethankulman/SuperMT/data/sim_K100_S10_T1000_M100_G0_run1/truth/sim_K100_S10_T1000_M100_G0_run1.truth.npz", "alpha": 0.1, "K": 100, "S": 10, "T": 1000, "M": 100, "C": 0, "H": 1, "G": 0, "garbage_type": "uniform", "min_garb_pairs": 3, "min_garb_phi_delta": 0.1, "min_garb_samps": 1, "truthfn": "/Users/ethankulman/SuperMT/data/sim_K100_S10_T1000_M100_G0_run1/truth/sim_K100_S10_T1000_M100_G0_run1.truth.pickle", "paramsfn": "/Users/ethankulman/SuperMT/data/sim_K100_S10_T1000_M100_G0_run1/truth/sim_K100_S10_T1000_M100_G0_run1.params.json", "ssmfn": "/Users/ethankulman/SuperMT/data/sim_K100_S10_T1000_M100_G0_run1/truth/sim_K100_S10_T1000_M100_G0_run1.ssm"}}, "clusters": [["s18"], ["s57"], ["s11"], ["s27"], ["s0"], ["s44"], ["s67"], ["s1"], ["s39"], ["s72"], ["s24"], ["s80"], ["s8"], ["s16"], ["s86"], ["s41"], ["s20"], ["s59"], ["s21"], ["s94"], ["s99"], ["s61"], ["s84"], ["s73"], ["s34"], ["s48"], ["s79"], ["s82"], ["s29"], ["s83"], ["s25"], ["s43"], ["s10"], ["s46"], ["s75"], ["s56"], ["s88"], ["s66"], ["s23"], ["s13"], ["s51"], ["s38"], ["s81"], ["s77"], ["s53"], ["s69"], ["s4"], ["s15"], ["s30"], ["s14"], ["s42"], ["s93"], ["s6"], ["s50"], ["s60"], ["s7"], ["s68"], ["s26"], ["s22"], ["s45"], ["s74"], ["s55"], ["s78"], ["s95"], ["s36"], ["s2"], ["s28"], ["s37"], ["s85"], ["s31"], ["s12"], ["s33"], ["s97"], ["s19"], ["s40"], ["s65"], ["s58"], ["s92"], ["s52"], ["s35"], ["s5"], ["s63"], ["s62"], ["s3"], ["s91"], ["s49"], ["s71"], ["s90"], ["s96"], ["s89"], ["s76"], ["s87"], ["s9"], ["s98"], ["s70"], ["s47"], ["s32"], ["s64"], ["s54"], ["s17"]]}