{"samples": ["Sample 1", "Sample 2", "Sample 3", "Sample 4", "Sample 5", "Sample 6", "Sample 7", "Sample 8", "Sample 9", "Sample 10"], "garbage": [], "simparams": {"K": 200, "S": 10, "T": 200, "M": 200, "C": 0, "H": 1, "G": 0, "garbage_type": "uniform", "alpha": 0.1, "tree_type": null, "seed": 959504413, "args": {"seed": null, "tree_type": null, "write_clusters": true, "write_ssm_phi": false, "write_structures": false, "numpy_fn": "/Users/ethankulman/SuperMT/data/sim_K200_S10_T200_M200_G0_run1/truth/sim_K200_S10_T200_M200_G0_run1.truth.npz", "alpha": 0.1, "K": 200, "S": 10, "T": 200, "M": 200, "C": 0, "H": 1, "G": 0, "garbage_type": "uniform", "min_garb_pairs": 3, "min_garb_phi_delta": 0.1, "min_garb_samps": 1, "truthfn": "/Users/ethankulman/SuperMT/data/sim_K200_S10_T200_M200_G0_run1/truth/sim_K200_S10_T200_M200_G0_run1.truth.pickle", "paramsfn": "/Users/ethankulman/SuperMT/data/sim_K200_S10_T200_M200_G0_run1/truth/sim_K200_S10_T200_M200_G0_run1.params.json", "ssmfn": "/Users/ethankulman/SuperMT/data/sim_K200_S10_T200_M200_G0_run1/truth/sim_K200_S10_T200_M200_G0_run1.ssm"}}, "clusters": [["s38"], ["s151"], ["s56"], ["s82"], ["s85"], ["s16"], ["s141"], ["s77"], ["s189"], ["s135"], ["s140"], ["s193"], ["s165"], ["s145"], ["s84"], ["s53"], ["s14"], ["s115"], ["s129"], ["s46"], ["s186"], ["s90"], ["s113"], ["s132"], ["s9"], ["s28"], ["s89"], ["s86"], ["s169"], ["s76"], ["s36"], ["s98"], ["s158"], ["s134"], ["s4"], ["s79"], ["s142"], ["s108"], ["s87"], ["s52"], ["s71"], ["s70"], ["s159"], ["s81"], ["s149"], ["s80"], ["s119"], ["s99"], ["s176"], ["s41"], ["s95"], ["s35"], ["s178"], ["s137"], ["s58"], ["s22"], ["s157"], ["s147"], ["s110"], ["s60"], ["s96"], ["s192"], ["s5"], ["s67"], ["s118"], ["s75"], ["s128"], ["s126"], ["s181"], ["s161"], ["s0"], ["s196"], ["s144"], ["s93"], ["s195"], ["s102"], ["s51"], ["s104"], ["s101"], ["s172"], ["s100"], ["s65"], ["s37"], ["s160"], ["s69"], ["s97"], ["s42"], ["s162"], ["s188"], ["s2"], ["s175"], ["s34"], ["s30"], ["s117"], ["s120"], ["s197"], ["s47"], ["s19"], ["s174"], ["s50"], ["s66"], ["s122"], ["s183"], ["s153"], ["s152"], ["s64"], ["s168"], ["s170"], ["s133"], ["s155"], ["s39"], ["s49"], ["s143"], ["s45"], ["s73"], ["s33"], ["s48"], ["s83"], ["s12"], ["s139"], ["s114"], ["s124"], ["s13"], ["s185"], ["s171"], ["s57"], ["s88"], ["s11"], ["s59"], ["s163"], ["s123"], ["s92"], ["s127"], ["s180"], ["s173"], ["s24"], ["s23"], ["s17"], ["s179"], ["s54"], ["s198"], ["s1"], ["s32"], ["s26"], ["s138"], ["s182"], ["s148"], ["s167"], ["s29"], ["s112"], ["s164"], ["s63"], ["s184"], ["s146"], ["s68"], ["s103"], ["s55"], ["s62"], ["s8"], ["s106"], ["s21"], ["s25"], ["s3"], ["s194"], ["s40"], ["s31"], ["s78"], ["s61"], ["s44"], ["s136"], ["s109"], ["s18"], ["s74"], ["s150"], ["s20"], ["s130"], ["s187"], ["s116"], ["s10"], ["s107"], ["s105"], ["s177"], ["s125"], ["s190"], ["s191"], ["s7"], ["s199"], ["s72"], ["s156"], ["s94"], ["s154"], ["s121"], ["s6"], ["s15"], ["s43"], ["s91"], ["s131"], ["s27"], ["s166"], ["s111"]]}