{"samples": ["Sample 1", "Sample 2", "Sample 3", "Sample 4", "Sample 5", "Sample 6", "Sample 7", "Sample 8", "Sample 9", "Sample 10"], "garbage": [], "simparams": {"K": 50, "S": 10, "T": 50, "M": 50, "C": 0, "H": 1, "G": 0, "garbage_type": "uniform", "alpha": 0.1, "tree_type": null, "seed": 442179919, "args": {"seed": null, "tree_type": null, "write_clusters": true, "write_ssm_phi": false, "write_structures": false, "numpy_fn": "/Users/ethankulman/SuperMT/data/sim_K50_S10_T50_M50_G0_run1/truth/sim_K50_S10_T50_M50_G0_run1.truth.npz", "alpha": 0.1, "K": 50, "S": 10, "T": 50, "M": 50, "C": 0, "H": 1, "G": 0, "garbage_type": "uniform", "min_garb_pairs": 3, "min_garb_phi_delta": 0.1, "min_garb_samps": 1, "truthfn": "/Users/ethankulman/SuperMT/data/sim_K50_S10_T50_M50_G0_run1/truth/sim_K50_S10_T50_M50_G0_run1.truth.pickle", "paramsfn": "/Users/ethankulman/SuperMT/data/sim_K50_S10_T50_M50_G0_run1/truth/sim_K50_S10_T50_M50_G0_run1.params.json", "ssmfn": "/Users/ethankulman/SuperMT/data/sim_K50_S10_T50_M50_G0_run1/truth/sim_K50_S10_T50_M50_G0_run1.ssm"}}, "clusters": [["s4"], ["s25"], ["s2"], ["s1"], ["s26"], ["s28"], ["s15"], ["s6"], ["s47"], ["s9"], ["s36"], ["s33"], ["s29"], ["s8"], ["s41"], ["s34"], ["s30"], ["s40"], ["s20"], ["s39"], ["s23"], ["s27"], ["s19"], ["s21"], ["s38"], ["s18"], ["s48"], ["s24"], ["s17"], ["s32"], ["s44"], ["s12"], ["s42"], ["s3"], ["s22"], ["s35"], ["s14"], ["s46"], ["s0"], ["s5"], ["s43"], ["s31"], ["s16"], ["s7"], ["s45"], ["s37"], ["s49"], ["s11"], ["s10"], ["s13"]]}