{"samples": ["Sample 1", "Sample 2", "Sample 3", "Sample 4", "Sample 5", "Sample 6", "Sample 7", "Sample 8", "Sample 9", "Sample 10", "Sample 11", "Sample 12", "Sample 13", "Sample 14", "Sample 15", "Sample 16", "Sample 17", "Sample 18", "Sample 19", "Sample 20"], "garbage": [], "simparams": {"K": 200, "S": 20, "T": 50, "M": 200, "C": 0, "H": 1, "G": 0, "garbage_type": "uniform", "alpha": 0.1, "tree_type": null, "seed": 1351733049, "args": {"seed": null, "tree_type": null, "write_clusters": true, "write_ssm_phi": false, "write_structures": false, "numpy_fn": "/Users/ethankulman/SuperMT/data/sim_K200_S20_T50_M200_G0_run1/truth/sim_K200_S20_T50_M200_G0_run1.truth.npz", "alpha": 0.1, "K": 200, "S": 20, "T": 50, "M": 200, "C": 0, "H": 1, "G": 0, "garbage_type": "uniform", "min_garb_pairs": 3, "min_garb_phi_delta": 0.1, "min_garb_samps": 1, "truthfn": "/Users/ethankulman/SuperMT/data/sim_K200_S20_T50_M200_G0_run1/truth/sim_K200_S20_T50_M200_G0_run1.truth.pickle", "paramsfn": "/Users/ethankulman/SuperMT/data/sim_K200_S20_T50_M200_G0_run1/truth/sim_K200_S20_T50_M200_G0_run1.params.json", "ssmfn": "/Users/ethankulman/SuperMT/data/sim_K200_S20_T50_M200_G0_run1/truth/sim_K200_S20_T50_M200_G0_run1.ssm"}}, "clusters": [["s87"], ["s60"], ["s106"], ["s71"], ["s114"], ["s184"], ["s30"], ["s4"], ["s101"], ["s69"], ["s137"], ["s164"], ["s54"], ["s123"], ["s53"], ["s92"], ["s163"], ["s161"], ["s63"], ["s32"], ["s152"], ["s144"], ["s24"], ["s125"], ["s186"], ["s77"], ["s62"], ["s36"], ["s64"], ["s34"], ["s102"], ["s75"], ["s188"], ["s134"], ["s190"], ["s21"], ["s156"], ["s168"], ["s195"], ["s1"], ["s187"], ["s52"], ["s66"], ["s181"], ["s142"], ["s61"], ["s2"], ["s23"], ["s45"], ["s7"], ["s199"], ["s48"], ["s130"], ["s12"], ["s33"], ["s194"], ["s175"], ["s99"], ["s47"], ["s179"], ["s43"], ["s15"], ["s65"], ["s177"], ["s193"], ["s9"], ["s140"], ["s28"], ["s22"], ["s105"], ["s128"], ["s51"], ["s132"], ["s198"], ["s81"], ["s56"], ["s50"], ["s25"], ["s173"], ["s42"], ["s40"], ["s111"], ["s176"], ["s183"], ["s141"], ["s155"], ["s160"], ["s153"], ["s135"], ["s197"], ["s151"], ["s38"], ["s110"], ["s6"], ["s88"], ["s96"], ["s17"], ["s165"], ["s154"], ["s120"], ["s180"], ["s72"], ["s89"], ["s158"], ["s147"], ["s16"], ["s108"], ["s131"], ["s196"], ["s0"], ["s146"], ["s121"], ["s139"], ["s58"], ["s19"], ["s167"], ["s29"], ["s104"], ["s109"], ["s157"], ["s68"], ["s149"], ["s115"], ["s14"], ["s98"], ["s174"], ["s148"], ["s73"], ["s178"], ["s118"], ["s133"], ["s169"], ["s20"], ["s182"], ["s59"], ["s100"], ["s90"], ["s124"], ["s172"], ["s91"], ["s116"], ["s55"], ["s93"], ["s189"], ["s103"], ["s150"], ["s112"], ["s192"], ["s127"], ["s171"], ["s39"], ["s94"], ["s84"], ["s85"], ["s13"], ["s185"], ["s122"], ["s145"], ["s95"], ["s80"], ["s10"], ["s57"], ["s136"], ["s35"], ["s143"], ["s8"], ["s162"], ["s119"], ["s37"], ["s3"], ["s126"], ["s79"], ["s86"], ["s27"], ["s26"], ["s138"], ["s70"], ["s191"], ["s41"], ["s67"], ["s18"], ["s166"], ["s83"], ["s49"], ["s5"], ["s44"], ["s11"], ["s82"], ["s78"], ["s107"], ["s129"], ["s170"], ["s46"], ["s159"], ["s74"], ["s113"], ["s117"], ["s97"], ["s76"], ["s31"]]}