{"samples": ["Sample 1", "Sample 2", "Sample 3", "Sample 4", "Sample 5", "Sample 6", "Sample 7", "Sample 8", "Sample 9", "Sample 10", "Sample 11", "Sample 12", "Sample 13", "Sample 14", "Sample 15", "Sample 16", "Sample 17", "Sample 18", "Sample 19", "Sample 20", "Sample 21", "Sample 22", "Sample 23", "Sample 24", "Sample 25", "Sample 26", "Sample 27", "Sample 28", "Sample 29", "Sample 30"], "garbage": [], "simparams": {"K": 100, "S": 30, "T": 1000, "M": 100, "C": 0, "H": 1, "G": 0, "garbage_type": "uniform", "alpha": 0.1, "tree_type": null, "seed": 335766592, "args": {"seed": null, "tree_type": null, "write_clusters": true, "write_ssm_phi": false, "write_structures": false, "numpy_fn": "/Users/ethankulman/SuperMT/data/sim_K100_S30_T1000_M100_G0_run1/truth/sim_K100_S30_T1000_M100_G0_run1.truth.npz", "alpha": 0.1, "K": 100, "S": 30, "T": 1000, "M": 100, "C": 0, "H": 1, "G": 0, "garbage_type": "uniform", "min_garb_pairs": 3, "min_garb_phi_delta": 0.1, "min_garb_samps": 1, "truthfn": "/Users/ethankulman/SuperMT/data/sim_K100_S30_T1000_M100_G0_run1/truth/sim_K100_S30_T1000_M100_G0_run1.truth.pickle", "paramsfn": "/Users/ethankulman/SuperMT/data/sim_K100_S30_T1000_M100_G0_run1/truth/sim_K100_S30_T1000_M100_G0_run1.params.json", "ssmfn": "/Users/ethankulman/SuperMT/data/sim_K100_S30_T1000_M100_G0_run1/truth/sim_K100_S30_T1000_M100_G0_run1.ssm"}}, "clusters": [["s12"], ["s26"], ["s66"], ["s73"], ["s0"], ["s31"], ["s46"], ["s4"], ["s42"], ["s1"], ["s33"], ["s93"], ["s40"], ["s99"], ["s74"], ["s52"], ["s64"], ["s20"], ["s83"], ["s94"], ["s25"], ["s32"], ["s82"], ["s35"], ["s34"], ["s58"], ["s72"], ["s44"], ["s36"], ["s69"], ["s7"], ["s92"], ["s10"], ["s48"], ["s54"], ["s78"], ["s23"], ["s55"], ["s75"], ["s88"], ["s38"], ["s3"], ["s21"], ["s89"], ["s80"], ["s24"], ["s37"], ["s61"], ["s9"], ["s79"], ["s22"], ["s45"], ["s18"], ["s62"], ["s11"], ["s14"], ["s90"], ["s47"], ["s67"], ["s70"], ["s17"], ["s95"], ["s27"], ["s50"], ["s56"], ["s98"], ["s5"], ["s85"], ["s91"], ["s81"], ["s30"], ["s68"], ["s6"], ["s15"], ["s76"], ["s43"], ["s2"], ["s8"], ["s65"], ["s71"], ["s28"], ["s77"], ["s29"], ["s41"], ["s16"], ["s51"], ["s13"], ["s86"], ["s53"], ["s19"], ["s59"], ["s97"], ["s96"], ["s63"], ["s87"], ["s39"], ["s49"], ["s57"], ["s84"], ["s60"]]}