{"samples": ["Sample 1", "Sample 2", "Sample 3", "Sample 4", "Sample 5", "Sample 6", "Sample 7", "Sample 8", "Sample 9", "Sample 10", "Sample 11", "Sample 12", "Sample 13", "Sample 14", "Sample 15", "Sample 16", "Sample 17", "Sample 18", "Sample 19", "Sample 20", "Sample 21", "Sample 22", "Sample 23", "Sample 24", "Sample 25", "Sample 26", "Sample 27", "Sample 28", "Sample 29", "Sample 30"], "garbage": [], "simparams": {"K": 200, "S": 30, "T": 200, "M": 200, "C": 0, "H": 1, "G": 0, "garbage_type": "uniform", "alpha": 0.1, "tree_type": null, "seed": 1685105515, "args": {"seed": null, "tree_type": null, "write_clusters": true, "write_ssm_phi": false, "write_structures": false, "numpy_fn": "/Users/ethankulman/SuperMT/data/sim_K200_S30_T200_M200_G0_run1/truth/sim_K200_S30_T200_M200_G0_run1.truth.npz", "alpha": 0.1, "K": 200, "S": 30, "T": 200, "M": 200, "C": 0, "H": 1, "G": 0, "garbage_type": "uniform", "min_garb_pairs": 3, "min_garb_phi_delta": 0.1, "min_garb_samps": 1, "truthfn": "/Users/ethankulman/SuperMT/data/sim_K200_S30_T200_M200_G0_run1/truth/sim_K200_S30_T200_M200_G0_run1.truth.pickle", "paramsfn": "/Users/ethankulman/SuperMT/data/sim_K200_S30_T200_M200_G0_run1/truth/sim_K200_S30_T200_M200_G0_run1.params.json", "ssmfn": "/Users/ethankulman/SuperMT/data/sim_K200_S30_T200_M200_G0_run1/truth/sim_K200_S30_T200_M200_G0_run1.ssm"}}, "clusters": [["s30"], ["s199"], ["s57"], ["s5"], ["s77"], ["s69"], ["s168"], ["s143"], ["s40"], ["s128"], ["s180"], ["s31"], ["s122"], ["s41"], ["s7"], ["s113"], ["s100"], ["s51"], ["s1"], ["s33"], ["s104"], ["s184"], ["s73"], ["s99"], ["s140"], ["s84"], ["s17"], ["s108"], ["s156"], ["s178"], ["s49"], ["s4"], ["s2"], ["s133"], ["s142"], ["s90"], ["s20"], ["s190"], ["s78"], ["s110"], ["s117"], ["s136"], ["s145"], ["s106"], ["s80"], ["s157"], ["s183"], ["s82"], ["s98"], ["s64"], ["s101"], ["s141"], ["s22"], ["s158"], ["s72"], ["s147"], ["s53"], ["s88"], ["s37"], ["s81"], ["s45"], ["s196"], ["s173"], ["s135"], ["s191"], ["s118"], ["s177"], ["s162"], ["s34"], ["s169"], ["s175"], ["s92"], ["s103"], ["s47"], ["s111"], ["s15"], ["s46"], ["s172"], ["s160"], ["s161"], ["s36"], ["s68"], ["s85"], ["s102"], ["s54"], ["s67"], ["s163"], ["s61"], ["s126"], ["s18"], ["s32"], ["s152"], ["s170"], ["s23"], ["s83"], ["s19"], ["s166"], ["s171"], ["s62"], ["s154"], ["s153"], ["s123"], ["s55"], ["s76"], ["s39"], ["s188"], ["s38"], ["s60"], ["s146"], ["s42"], ["s127"], ["s86"], ["s44"], ["s71"], ["s70"], ["s176"], ["s189"], ["s155"], ["s91"], ["s138"], ["s65"], ["s52"], ["s181"], ["s35"], ["s137"], ["s3"], ["s48"], ["s105"], ["s11"], ["s95"], ["s148"], ["s56"], ["s192"], ["s120"], ["s12"], ["s59"], ["s63"], ["s193"], ["s26"], ["s182"], ["s114"], ["s24"], ["s159"], ["s187"], ["s9"], ["s43"], ["s87"], ["s149"], ["s134"], ["s132"], ["s94"], ["s198"], ["s8"], ["s0"], ["s29"], ["s124"], ["s74"], ["s21"], ["s93"], ["s150"], ["s185"], ["s16"], ["s186"], ["s14"], ["s115"], ["s151"], ["s27"], ["s109"], ["s139"], ["s119"], ["s125"], ["s121"], ["s13"], ["s10"], ["s164"], ["s28"], ["s174"], ["s116"], ["s58"], ["s129"], ["s194"], ["s130"], ["s79"], ["s97"], ["s167"], ["s25"], ["s165"], ["s89"], ["s66"], ["s96"], ["s197"], ["s50"], ["s144"], ["s6"], ["s75"], ["s195"], ["s112"], ["s179"], ["s131"], ["s107"]]}