{"samples": ["Sample 1", "Sample 2", "Sample 3", "Sample 4", "Sample 5", "Sample 6", "Sample 7", "Sample 8", "Sample 9", "Sample 10", "Sample 11", "Sample 12", "Sample 13", "Sample 14", "Sample 15", "Sample 16", "Sample 17", "Sample 18", "Sample 19", "Sample 20", "Sample 21", "Sample 22", "Sample 23", "Sample 24", "Sample 25", "Sample 26", "Sample 27", "Sample 28", "Sample 29", "Sample 30"], "garbage": [], "simparams": {"K": 150, "S": 30, "T": 200, "M": 150, "C": 0, "H": 1, "G": 0, "garbage_type": "uniform", "alpha": 0.1, "tree_type": null, "seed": 912587089, "args": {"seed": null, "tree_type": null, "write_clusters": true, "write_ssm_phi": false, "write_structures": false, "numpy_fn": "/Users/ethankulman/SuperMT/data/sim_K150_S30_T200_M150_G0_run1/truth/sim_K150_S30_T200_M150_G0_run1.truth.npz", "alpha": 0.1, "K": 150, "S": 30, "T": 200, "M": 150, "C": 0, "H": 1, "G": 0, "garbage_type": "uniform", "min_garb_pairs": 3, "min_garb_phi_delta": 0.1, "min_garb_samps": 1, "truthfn": "/Users/ethankulman/SuperMT/data/sim_K150_S30_T200_M150_G0_run1/truth/sim_K150_S30_T200_M150_G0_run1.truth.pickle", "paramsfn": "/Users/ethankulman/SuperMT/data/sim_K150_S30_T200_M150_G0_run1/truth/sim_K150_S30_T200_M150_G0_run1.params.json", "ssmfn": "/Users/ethankulman/SuperMT/data/sim_K150_S30_T200_M150_G0_run1/truth/sim_K150_S30_T200_M150_G0_run1.ssm"}}, "clusters": [["s142"], ["s88"], ["s132"], ["s122"], ["s131"], ["s70"], ["s22"], ["s14"], ["s7"], ["s66"], ["s69"], ["s23"], ["s118"], ["s148"], ["s18"], ["s53"], ["s105"], ["s26"], ["s71"], ["s15"], ["s86"], ["s20"], ["s124"], ["s145"], ["s138"], ["s46"], ["s4"], ["s5"], ["s82"], ["s97"], ["s72"], ["s143"], ["s100"], ["s117"], ["s85"], ["s73"], ["s3"], ["s43"], ["s98"], ["s78"], ["s21"], ["s0"], ["s93"], ["s57"], ["s107"], ["s130"], ["s35"], ["s17"], ["s64"], ["s141"], ["s74"], ["s11"], ["s16"], ["s134"], ["s110"], ["s92"], ["s128"], ["s33"], ["s99"], ["s54"], ["s8"], ["s62"], ["s34"], ["s30"], ["s120"], ["s126"], ["s61"], ["s32"], ["s58"], ["s112"], ["s2"], ["s84"], ["s113"], ["s108"], ["s116"], ["s109"], ["s87"], ["s24"], ["s101"], ["s60"], ["s135"], ["s12"], ["s77"], ["s80"], ["s83"], ["s75"], ["s76"], ["s140"], ["s149"], ["s106"], ["s40"], ["s13"], ["s146"], ["s6"], ["s139"], ["s91"], ["s104"], ["s136"], ["s115"], ["s114"], ["s29"], ["s129"], ["s25"], ["s90"], ["s50"], ["s123"], ["s27"], ["s28"], ["s95"], ["s103"], ["s147"], ["s119"], ["s67"], ["s19"], ["s79"], ["s63"], ["s111"], ["s59"], ["s121"], ["s127"], ["s39"], ["s47"], ["s31"], ["s45"], ["s1"], ["s9"], ["s96"], ["s36"], ["s94"], ["s49"], ["s44"], ["s102"], ["s125"], ["s56"], ["s37"], ["s41"], ["s68"], ["s52"], ["s42"], ["s81"], ["s38"], ["s65"], ["s48"], ["s133"], ["s51"], ["s10"], ["s137"], ["s144"], ["s55"], ["s89"]]}